lemma,count
гьабизе,7563
буго,5366
гьаб,4463
букӏине,3777
чи,3758
бугеб,3664
тӏад,3206
бахъизе,2543
жо,2489
ине,2377
гьечӏеб,2226
лъугьине,2176
чӏезе,2156
дун,2151
ккезе,2110
дов,1984
босизе,1831
цо,1830
бакӏ,1721
кьезе,1716
ракӏ,1687
базе,1679
бачӏине,1578
кквезе,1486
ва,1447
чӏвазе,1393
лъезе,1320
нахъа,1274
цӏакъ,1254
гьаракь,1244
иш,1243
нух,1234
хӏалтӏизе,1180
гьеб,1170
щвезе,1079
данде,1068
бихьизе,1057
тезе,1023
бачине,1022
кӏудияб,1016
къотӏизе,1005
лъазе,993
рагӏизе,977
цебе,973
мун,962
гӏадан,959
жибго,943
гӏемер,939
щибниги,938
рехизе,911
хъвазе,894
кинабго,887
лъим,869
рекъезе,857
квер,846
квине,843
гьев,841
гьоркьоб,839
заман,836
гьечӏо,831
гӏадин,819
бер,812
битӏизе,808
ракь,798
хӏал,784
бахине,783
аб,781
жаниб,780
гьаризе,773
балагьизе,771
хӏалтӏи,746
гӏарац,742
гьечӏого,733
хвезе,731
хутӏизе,726
рекӏине,722
лъикӏаб,713
пикру,713
гъоркь,709
мацӏ,703
бетӏер,697
рукъ,690
бокьизе,680
рахъ,666
бицине,645
гьечӏолъи,634
къватӏиб,633
цӏунизе,626
гӏодоб,622
унтизе,619
тӏамизе,617
гъорлъ,614
бахъине,613
ниж,607
гӏумру,604
мехалъ,603
рукӏун,596
лъикӏ,592
бегьизе,588
бихьизабизе,588
куц,584
тӏезе,584
бутӏа,581
батизе,580
яги,565
хадуб,563
гьел,560
цӏикӏкӏине,560
цоги,558
хвезабизе,551
асар,550
чу,544
ана,541
къо,538
кьо,535
гуреб,533
гьав,528
бакӏалда,527
хабар,521
биччазе,520
абизе,519
гъезе,519
къазе,519
ахӏизе,511
цадахъ,511
щиб,510
кӏиго,508
тӏехь,508
гьаби,503
цӏар,499
хех,496
цӏа,494
сурат,493
лъазабизе,489
кӏалъазе,487
гьитӏинаб,484
вас,483
кагъат,480
кьабизе,477
къайи,476
лъимер,475
сон,474
хисизе,474
рагӏи,462
халкъ,462
бичӏчӏизе,461
кьуризе,446
бичизе,440
кьер,440
рагъ,430
хӏалтӏизабизе,428
хьвадизе,427
цӏияб,419
гӏуцӏизе,416
машина,416
кӏвезе,415
къадар,412
кӏанцӏизе,412
кутакалда,408
лъимал,404
цӏализе,403
биччизе,399
хӏисаб,397
пайда,392
дагьаб,389
гӏемераб,387
тӏубазе,387
лъугӏизе,386
цӏазе,385
шагьар,385
чӏезабизе,381
гӏадаб,377
росу,375
кӏвар,370
рас,366
мина,363
рахъал,362
бищун,361
тӏубанго,361
хъулухъ,357
бал,355
кӏал,355
гьури,353
ретӏел,352
би,351
жив,351
баккизе,349
тӏагӏине,349
бекизе,348
тайпа,348
гьумер,346
цӏидасан,346
батӏа,345
замана,344
берцинаб,341
магӏна,341
бижизе,340
сундул,337
гьеб и гьей,335
хер,335
хӏинкъизе,335
кинаб,329
лъалеб,328
цояб,325
гъветӏ,324
гӏакълу,324
живго,323
биххизе,321
борчӏизе,321
байбихьизе,320
речӏчӏизе,318
бухӏизе,317
гӏелму,317
гӏор,316
хасаб,316
квешаб,315
бикьизе,314
нилъ,314
унти,314
гьан,313
лъай,313
ретӏине,313
бухьине,309
квар,308
яс,307
канлъи,305
кумек,305
тушман,304
махх,303
цӏул,303
букъизе,299
буссине,299
кечӏ,297
баччизе,295
рес,295
лъуризе,294
гама,293
мурад,293
бакӏаризе,292
махӏ,292
алат,289
гьаниб,289
гъов,286
дур,286
рагьизе,286
хӏазе,286
чияр,286
цӏад,284
квен,283
нуж,283
чвахизе,283
бахъинабизе,282
цӏер,282
гьекъезе,280
рокъоб,278
сверун,277
баян,276
доб,276
тӏуризе,276
хал,276
лъугӏизабизе,272
жаваб,271
ралъад,271
релълъине,270
бахчизе,267
хурхине,265
гьал,264
захӏматаб,264
бажаризе,263
гӏадамал,263
лъилниги,263
бетӏизе,262
щвезабизе,261
эбел,261
гӏомо,260
къагӏида,260
данделъизе,259
кутакаб,259
къвакӏизе,259
амма,258
сверизе,257
сордо,257
гӏака,256
рикӏкӏине,255
къваригӏине,254
рохь,254
аскӏоб,253
ххам,252
хӏехьезе,251
черх,251
батӏалъизе,250
чуризе,249
лъоле,247
щивниги,247
къокъаб,246
мухъ,245
пачалихъ,244
батӏияб,243
гурде,243
ургъизе,243
къуват,242
хӏакъалъулъ,242
гамачӏ,240
гъуризе,240
хур,240
эмен,239
бегизе,238
низам,238
цӏезе,236
гӏоло,235
улка,235
къимат,234
божизе,233
гӏазу,231
гӏуру,231
бакъ,229
магӏишат,229
нах,229
рахь,229
рухӏ,228
тӏегь,228
ццин,228
аскар,227
гьанже,227
малъ,226
гуро,225
кваназе,225
нуцӏа,225
гӏайиб,224
чед,224
тара,222
тункизе,222
хӏалтӏухъан,222
цого,222
бацӏцӏад,221
лъабго,221
кьвагьизе,220
кьучӏ,220
ургъел,219
хӏасил,219
бортизе,218
калам,218
гъира,217
харж,217
рокьи,215
хъал,215
хӏалица,215
цӏорозе,215
багьа,213
кьей,213
рахъу,212
ччугӏа,212
боржине,211
гьава,211
кигӏан,211
бацизе,210
гӏадада,209
дару,208
месед,208
гӏуж,206
бакъвазе,205
гьунар,205
гӏин,205
рикӏкӏад,205
тӏолго,205
кӏобокӏизе,204
хӏукму,204
цӏура,203
вац,202
рагъулаб,202
моцӏ,201
аслияб,200
хӏинкъи,200
багъаризе,199
суал,198
роцен,197
буголъизе,196
хӏухьел,196
эхеде,196
я,196
тӏоцебесеб,195
бухьен,194
кӏодо,194
рачӏ,194
тӏобитӏизе,194
бергьине,193
борцине,193
гьудул,193
тӏадегӏанаб,193
бицун,191
тӏалаб,191
хъахӏаб,191
цоцалъ,191
аллагь,190
борхизе,190
чӏобого,190
унтарав,188
бекьизе,187
бухизе,187
дин,187
квас,187
рекъезабизе,187
багӏараб,186
квеш,186
кьижизе,186
мегӏер,186
мухь,186
магӏу,185
хьихьизе,185
хехаб,184
бацӏцӏине,183
гор,183
гьедин,183
план,183
боцӏи,182
ток,182
хӏадур,182
завод,181
цолъизе,181
дуниял,180
гьаву,179
кун,179
накӏкӏ,179
хасият,179
цӏумур,179
чӏужу,179
белъине,178
гӏисинаб,178
халатаб,178
къокъа,177
кӏутӏизе,177
бакизе,176
гурони,176
гӏеч,176
кесек,176
хӏетӏе,174
рахӏат,173
форма,173
щула,173
бацӏцӏадаб,172
гаргадизе,172
гьобол,172
жакъа,172
къварилъизе,172
рачел,172
бищизе,171
ихтияр,171
дол,170
рорине,170
чӏегӏераб,170
бакӏаб,169
гӏенеккизе,169
лъие,169
хӏурмат,169
закон,168
ругъун,168
суд,168
къед,167
сапар,166
цӏодор,166
бадиб,165
балагь,165
дой,165
свери,165
даража,164
къватӏ,164
кидаго,163
стол,163
кодоб,162
мугъ,162
хӏалалда,162
цӏезабизе,162
хьит,161
цебеккунго,161
абурай,160
бухъизе,160
гӏахьаллъизе,160
туманкӏ,160
рахас,159
чӏана,159
бигьа,158
гӏи,158
каратӏ,158
лъугьинабизе,158
цин,158
гъалатӏ,157
цебесеб,157
рак,156
хьул,156
щуго,156
гӏадат,155
разилъизе,155
так,155
хъарщи,155
цинги,155
буссинабизе,154
къачӏазе,154
металл,154
гьалмагъ,152
свине,152
хирияб,152
къосине,151
махсара,151
цер,151
дагьлъизе,150
кӏочене,150
хвей,150
школа,150
ярагъ,150
билълъине,149
гуризе,149
халат,149
гьой,148
сахлъизе,148
бацӏ,147
захӏмат,147
къазабизе,147
кӏалдиб,147
махщел,147
тӏубазабизе,147
жубазе,146
къабул,146
чирахъ,146
бежизе,145
чанго,145
щив,145
балъго,144
кӏкӏуй,144
пихъ,144
тӏагъур,144
гьереси,143
къализе,143
поезд,143
устар,143
ракьа,142
тӏох,142
чӏор,142
гьоркьо,141
къвал,141
адаб,140
бигъине,140
лъугьа-бахъин,140
тӏибитӏизе,140
херав,140
цӏалдохъан,140
букӏаниги,139
тӏеренаб,139
газ,138
гордо,138
дарс,138
щай,138
биххизабизе,137
жеги,137
нус,137
тӏинчӏ,137
цохӏо,137
шартӏ,137
бусен,136
жем,136
кеп,136
налъи,136
сверизабизе,136
бо,135
ругьунлъизе,135
щибго,135
гьединаб,134
документ,134
дунял,134
кьурдизе,134
авлахъ,133
багӏаризе,133
берцин,133
загьир,133
партия,133
вачӏа,132
гӏаламат,132
хӏалбихьизе,132
хӏинчӏ,132
хӏур,132
чан,132
щибаб,132
битӏизабизе,131
гьорозе,131
къагӏидаялъ,131
бащдаб,130
доб и дой,130
раса,130
ролъ,130
талихӏ,130
хисизабизе,130
гӏелмияб,129
тукен,129
хайир,129
гулла,128
гӏодизе,128
хьухьине,128
хӏайван,128
бох,127
габур,127
гӏаммаб,127
къулизе,127
барщизе,126
гӏилла,126
хьвагӏизе,126
хьон,126
анцӏго,125
гӏезабизе,124
камизе,124
лъар,124
релъен,124
тӏил,124
хъизан,124
гьоко,123
инсан,123
квачазе,123
рекӏинабизе,123
рохел,123
руччаби,123
тӏолабго,123
чай,123
дагӏба,122
кӏодолъизе,122
рещтӏине,122
росулъ,122
чӏей,122
а,121
ахир,121
ахӏдезе,121
газет,121
кьваризе,121
тӏагӏел,121
хурдул,121
цоцазда,121
абулеб,120
гӏалах,120
наку,120
хвел,120
цӏех-рех,120
биине,119
гӏебеде,119
къине,119
печь,119
хъвай-хъвагӏай,119
хӏалуцине,119
бакьулъ,118
предложение,118
хӏатӏ,118
чурпа,118
ах,117
багъаризабизе,117
бецӏизе,117
гӏанкӏу,117
гӏарада,117
къеркьезе,117
балъгояб,116
гӏагарлъизе,116
зоб,116
класс,116
кьибил,116
тӏири,116
чехь,116
гохӏ,115
гьетӏизе,115
гӏакъуба,115
ишара,115
кин,115
лъикӏлъизе,115
хасиятаб,115
чакма,115
бижизабизе,114
борлъизе,114
дализе,114
ричӏизе,114
ругьун,114
гъоба,113
квач,113
керен,113
къоялъ,113
тӏадагьаб,113
тӏамах,113
хоно,113
дандчӏвазе,112
даран,112
загӏипаб,112
захӏмалъизе,112
кӏибикӏизе,112
рагьазе,112
тӏом,112
хъамизе,112
бикӏизе,111
бихъизе,111
ватӏан,111
дагь,111
лъагӏел,111
лълъар,111
гьине,110
кунчӏизе,110
масъала,110
рищи,110
рукӏел,110
хӏама,110
вазе,109
гӏатӏидаб,109
мерхьине,109
нахъгӏунтӏизе,109
тӏабигӏат,109
хъат,109
чучизе,109
чӏаголъизе,109
гӏажаибаб,108
къасд,108
къотӏи,108
кӏиябго,108
макьу,108
рахъ-рахъалда,108
санаъ,108
театр,108
хӏадурлъизе,108
чӏоло,108
ахиралда,107
бакъан,107
гурхӏел,107
кини,107
лъел,107
мотор,107
ригьин,107
седезе,107
тӏимугъ,107
хӏалтӏул,107
хӏор,107
чакар,107
араб,106
гьоркьоблъи,106
доба,106
идара,106
бекӏеда,105
бербалагьи,105
бечелъизе,105
гуч,105
гӏаркьел,105
лъутизе,105
оц,105
рикӏкӏен,105
тӏокӏаб,105
ца,105
чӏужугӏадан,105
бертин,104
бетӏергьан,104
гъваридаб,104
намус,104
тӏину,104
хӏужжа,104
чӏухӏараб,104
гъат,103
гӏунгутӏи,103
жигар,103
килищ,103
лъей,103
мех,103
хъахӏлъизе,103
цӏцӏе,103
чаран,103
щулалъизе,103
бекеризе,102
вагъизе,102
гъурущ,102
гӏезе,102
лага,102
падеж,102
пара,102
халкъияб,102
хинлъизе,102
гуккизе,101
кватӏизе,101
семизе,101
тиризе,101
хъалиян,101
хӏучч,101
басма,100
басралъизе,100
гьайбатаб,100
ханжу,100
хӏаракат,100
цогидаб,100
бакъвазабизе,99
гӏазаб,99
инкар,99
музыка,99
нечезе,99
рагӏал,99
ункъо,99
хӏарп,99
ялъуни,99
анкь,98
гочине,98
гӏедегӏизе,98
лъади,98
мисал,98
нахъбуссине,98
некӏсияб,98
предлог,98
сваказе,98
хьибил,98
хӏуби,98
батӏи-батӏияб,97
бергьенлъи,97
гьа,97
гӏемерлъизе,97
манзил,97
гӏадлу,96
гӏамал-хасият,96
кутак,96
тӏадаб,96
тӏасияб,96
тӏорщел,96
хъуризе,96
ццидахине,96
букӏин,95
кибениги,95
къадру,95
кьуру,95
радал,95
рикьи,95
тамихӏ,95
хъачӏаб,95
хӏулизе,95
электрик,95
гьукъизе,94
гӏанкӏ,94
гӏебаб,94
зарал,94
къунцӏизе,94
промышленность,94
цоял,94
чӏухӏизе,94
бехъерхъизе,93
бецизе,93
битӏухъе,93
бичӏизе,93
гьениб,93
жал,93
изну,93
как,93
кверщел,93
магӏарда,93
мехтизе,93
рагӏаби,93
радио,93
рос,93
тӏагӏинабизе,93
хъурщизе,93
божилъи,92
гъуй,92
гьоркьохъеб,92
зар,92
квалквал,92
къокъ,92
лазат,92
система,92
хехлъизе,92
хъала,92
хӏалалъ,92
цӏва,92
чагъир,92
багӏарлъизе,91
борохь,91
гиризе,91
культура,91
тӏадеги,91
хасел,91
хъуй,91
цӏодорлъизе,91
берцинлъизе,90
бухӏизабизе,90
гӏагараб,90
гӏадатияб,90
гӏунтӏизе,90
дагьабги,90
пан,90
рагъухъан,90
член,90
щаклъизе,90
ав,89
бегӏераб,89
бессизе,89
загӏиплъизе,89
ихтияраб,89
ракъи,89
цоцазе,89
эркен,89
бицатаб,88
борхатаб,88
горо,88
гӏорхъи,88
кино,88
михъ,88
нусго,88
тамахаб,88
тату,88
текст,88
тӏанкӏ,88
щулияб,88
балагьун,87
гьурмал,87
гӏетӏ,87
гӏолохъанаб,87
картошка,87
киб,87
кибниги,87
къватӏисеб,87
мадугьал,87
мекъса,87
пача,87
тартиб,87
тӏажу,87
тӏерхьине,87
хӏукумат,87
элемент,87
бечедаб,86
магӏдан,86
самизе,86
тӏор,86
хазе,86
чахъу,86
бетӏербахъизе,85
гьуинаб,85
къваридаб,85
къец,85
лъелъ,85
рекъел,85
рихине,85
сахлъи,85
торгӏо,85
тӏаделъизе,85
цӏоко,85
бахӏарчилъи,84
баянлъизе,84
гӏицӏго,84
журай,84
загьирлъизе,84
къадараб,84
лъамалъизе,84
нахъчӏвазе,84
нич,84
хӏакъикъат,84
хӏунсизе,84
анцӏила,83
бецӏлъизе,83
бече,83
вагон,83
гургинаб,83
гӏурус,83
инжит,83
каву,83
рахазе,83
туризе,83
тӏамач,83
тӏуб,83
хъаравул,83
хъублъизе,83
хӏеренаб,83
цодагьаб,83
цӏайи,83
цӏикӏкӏинабизе,83
ярагьине,83
гӏел,82
полк,82
тарих,82
тӏагӏам,82
халалъизе,82
хан,82
аппарат,81
бахъи,81
бикъизе,81
гьава-бакъ,81
жанисеб,81
лъалкӏ,81
мекъи,81
мугь,81
рахъалдасан,81
руккел,81
шиша,81
армия,80
борхалъизе,80
гӏадлу-низам,80
квешлъизе,80
къаркъала,80
машгьураб,80
нерв,80
тӏатӏала,80
хӏажатаб,80
хӏарщ,80
цӏоросоролъ,80
чӏва,80
шавкъ,80
яхӏ,80
яц,80
автомобиль,79
бакӏлъизе,79
бокьулеб,79
гӏабдал,79
гӏатӏ,79
мегеж,79
рихь,79
рохьоб,79
сабру,79
сангар,79
сородизе,79
хвалчен,79
анлъго,78
багъизе,78
болъон,78
гӏисин,78
къоно,78
мухӏкан,78
политика,78
тӏалаб-агъаз,78
хӏажалъизе,78
хӏакъикъияб,78
байрахъ,77
бащалъизе,77
вехь,77
гвангъизе,77
гӏадатаб,77
кара,77
кету,77
нур,77
сипат,77
ххезе,77
бокӏон,76
гъоб,76
кӏветӏ,76
машгъуллъизе,76
орган,76
чӏикӏизе,76
азбар,75
белъизе,75
бигьаяб,75
бихьинчи,75
гьикъизе,75
къвачӏа,75
пальто,75
ратӏа,75
станция,75
тира-сверизе,75
хъубаб,75
хьаг,75
цебетӏезе,75
цӏам,75
букӏинабизе,74
гурхӏизе,74
гъварилъизе,74
карачел,74
квасквас,74
рази,74
тарбия,74
цадахъго,74
цӏузе,74
эркенлъизе,74
гьудуллъизе,73
гӏорцӏизе,73
жугьутӏав,73
кенчӏезе,73
кӏичӏ,73
лъай-хъвай,73
лъикӏго,73
лъухьизе,73
мах,73
пардав,73
политикияб,73
пул,73
сонал,73
хъвезе,73
хӏай,73
цебеса,73
цӏи,73
чороклъизе,73
анищ,72
багъа-бачаризе,72
багьана,72
басрияб,72
бахӏарчи,72
гьай,72
гӏантаб,72
даим,72
мугӏрул,72
нухӏ,72
рател,72
ригь,72
телефон,72
туркӏизе,72
тӏабигӏияб,72
борчине,71
буцизе,71
гвенд,71
гьужум,71
журнал,71
къинлъизе,71
магӏ,71
мекъаб,71
пашманлъизе,71
полоп,71
рехъен,71
сасине,71
харизе,71
бичӏчӏизабизе,70
болжал,70
боси,70
гӏоркь,70
колхоз,70
къварид,70
кӏиабилеб,70
лъилъизе,70
макъар,70
нахъегӏанаб,70
нухмалъи,70
предмет,70
тӏибитӏизабизе,70
хохозе,70
цощинаб,70
цӏал,70
частица,70
чӏобогояб,70
юк,70
бачӏинабизе,69
буюрухъ,69
гьве,69
гьор,69
гӏатӏилъизе,69
интерес,69
кӏулал,69
материал,69
номер,69
риххел,69
рихьи,69
туснахъ,69
ургъи,69
хоб,69
чӏаго,69
баркала,68
беццизе,68
бечӏазе,68
билизе,68
катан,68
къандалъо,68
поч,68
пунхъизе,68
самолёт,68
тадбир,68
тӏогь,68
хъаравуллъи,68
байрам,67
бецӏаб,67
вакил,67
гӏаракъи,67
гӏус,67
лажбар,67
минут,67
общество,67
пашманаб,67
рахӏму,67
рилълъин,67
сорт,67
тӏатине,67
тӏей,67
тӏоцебе,67
ургъунго,67
херлъизе,67
ци,67
багӏаризабизе,66
бацӏине,66
билет,66
гьалаглъизе,66
гьелда,66
къарз,66
литературияб,66
маргъал,66
таваккал,66
тӏокӏлъизе,66
хутӏи,66
хӏадуризе,66
щвей,66
бащадаб,65
бетӏерлъи,65
битӏун,65
гализе,65
гьобо,65
гӏер,65
ицц,65
комиссия,65
къай,65
къайи-къоно,65
нахъехун,65
предприятие,65
район,65
руссун,65
тох,65
тӏезабизе,65
хиял,65
цолъизабизе,65
цӏулакьо,65
чара,65
чарх,65
чӏар,65
бухӏун,64
гӏатӏид,64
дандечӏезе,64
дурус,64
их,64
костюм,64
къиматаб,64
майдан,64
мунагь,64
пер,64
производство,64
рокьукъаб,64
рухьен,64
техника,64
тӏогьиб,64
тӏурччи,64
цебего,64
чорок,64
ччукӏизе,64
артист,63
базар,63
даимаб,63
искусство,63
киса,63
кӏичӏизе,63
пьеса,63
регъезе,63
хӏаким,63
цӏарагӏ,63
чӏагояб,63
экзамен,63
эркенаб,63
аби,62
бацӏцӏалъизе,62
бихьичӏого,62
гьалдезе,62
гӏолохъаби,62
инс,62
къалам,62
север,62
тамашалъизе,62
тӏутӏузе,62
хӏан,62
хӏанчӏизе,62
чӏахӏияб,62
бай,61
бихьи,61
гьализе,61
гьоркьосеб,61
дагьа-макъаб,61
дагьлъизабизе,61
ирс,61
къецал,61
къисмат,61
кӏкӏвазе,61
механизм,61
регьел,61
релъи,61
сабаблъун,61
тамашаяб,61
тӏикъва,61
хинаб,61
хъвадарухъан,61
хьвагӏезе,61
цебехун,61
цо-цо,61
цӏай,61
цӏалул,61
цӏибил,61
яшав,61
барахщине,60
бахчизабизе,60
гьакал,60
гьетӏизабизе,60
гьоцӏо,60
гӏеретӏ,60
квегӏаб,60
килщал,60
къаси,60
лъугӏи,60
мед,60
микьго,60
музыкалияб,60
нахърател,60
некӏо,60
рехсезе,60
тамахьо,60
тӏугьдул,60
хӏайванаб,60
щинаб,60
базабизе,59
баянаб,59
ботӏ,59
гъанкъизе,59
гӏурччинаб,59
ишан,59
мукъсанлъизе,59
мутӏигӏлъизе,59
нахъ,59
пайдаяб,59
рагъи,59
рачӏа,59
рецӏел,59
сияхӏ,59
чванта,59
щвазе,59
аслу,58
ахирисеб,58
бетӏераб,58
гӏучӏ,58
жанавар,58
кирпич,58
кьаву,58
кьолозе,58
лебалаб,58
мицӏир,58
мукӏурлъизе,58
тӏахьал,58
у,58
фабрика,58
хасало,58
химия,58
ххвел,58
хъвадаризе,58
хъумур,58
хьвада-чӏвадизе,58
центр,58
цӏали,58
чӏехьезе,58
чӏимих,58
эбелаб,58
ахӏвал-хӏал,57
бакъуца,57
бащад,57
бетизе,57
гьадин,57
гӏамал,57
гӏункӏкӏ,57
килиса,57
кирит,57
къагӏидаялда,57
къотӏноб,57
лъедезе,57
рижу,57
спирт,57
учреждение,57
ханжар,57
хулизе,57
хъарахъ,57
гарацӏ,56
глагол,56
гӏезегӏан,56
загьру,56
квекӏен,56
лебаллъизе,56
разияб,56
рецц-бакъ,56
ритӏухълъизе,56
рукӏкӏел,56
рухӏчӏаголъи,56
сас,56
тӏамур,56
тӏел,56
тӏутӏ,56
хӏакъикъаталда,56
цӏвакизе,56
чӏучӏине,56
щегӏ,56
адабият,55
буртина,55
гӏунизе,55
дагьабго,55
жагъаллъизе,55
исана,55
кан,55
кьвагьдезе,55
мачӏу,55
мухӏканаб,55
рецц,55
рукӏа-рахъин,55
тохлъукье,55
хвасар,55
хъулухъчи,55
хӏатӏал,55
чӏалгӏине,55
шапакъат,55
бихъ-бихъизе,54
бохизе,54
группа,54
гъварид,54
гьари,54
гьединго,54
гьересияб,54
гӏакъилаб,54
зулму,54
кьал,54
кьватӏизе,54
кьегӏер,54
лъавуда,54
матӏу,54
мугӏалим,54
наслу,54
приставка,54
рахъалдехун,54
роль,54
сихӏ,54
таргьа,54
хеч,54
хьвазе,54
хӏажат,54
хӏелхӏедизе,54
цониги,54
чали,54
билъизе,53
бугӏизе,53
гьале,53
гӏарза,53
квегъизе,53
концерт,53
кор,53
кӏаз,53
кӏаркьен,53
мискинаб,53
мустахӏикъаб,53
пагьму,53
ризаб,53
ритӏухъ,53
ругьунаб,53
сапун,53
сах,53
свинабизе,53
солдат,53
тухум,53
тӏадкъазе,53
хъабарча,53
хӏакъ,53
цӏилъизе,53
чӏалу,53
щивав,53
анкьго,52
бадибчӏвазе,52
бегизабизе,52
битӏа-бишизабизе,52
боркьизе,52
буризе,52
гени,52
гогьдаризе,52
гъутӏби,52
гӏащтӏи,52
гӏолохъанчи,52
дагӏбадизе,52
доклад,52
жуба-гъубазе,52
карщ,52
куй,52
лекция,52
лъадалъ,52
мухӏканлъизе,52
нахъисеб,52
полковник,52
рии,52
рокьукълъизе,52
рукъи,52
салам,52
сокӏкӏине,52
стиль,52
хаслъизе,52
хинлъизабизе,52
хиралъизе,52
хъанч,52
хъатӏизе,52
хьвагӏезабизе,52
ццидалаб,52
чалу,52
чанагъ,52
чин,52
щекъер,52
ахӏмакъаб,51
бачахъизе,51
бугьтан,51
бурав,51
гордабигъ,51
гъалмагъир,51
гьадинаб,51
гьир,51
гӏажаибго,51
гӏасияб,51
гӏодобегӏан,51
добе-гьанибе,51
институт,51
иту,51
кваранаб,51
командир,51
кӏалтӏа,51
махӏрум,51
патрон,51
союз,51
студент,51
тасдикъ,51
тӏала,51
унтизабизе,51
художник,51
ххине,51
хӏара,51
хӏухьбахъи,51
цӏалкӏизе,51
цӏум,51
чӏанда,51
ахӏи,50
битӏ,50
бокьухъе,50
гьекъолдизе,50
гьимизе,50
гьод,50
гӏажаиблъизе,50
гӏужда,50
гӏунтӏизабизе,50
диван,50
киданиги,50
къачӏай,50
къуватаб,50
лагъ,50
макъала,50
мутӏигӏ,50
ракета,50
сипат-сурат,50
станок,50
сукӏизе,50
толь,50
тӏокӏ,50
хъущтӏизе,50
хӏинкъараб,50
цебехъан,50
чӏвазабизе,50
чӏинтӏизе,50
шуризе,50
батӏайиса,49
гучаб,49
гъеж,49
гьекъел,49
гӏагар,49
гӏагарда,49
гӏадаллъизе,49
заз,49
ирга,49
къацандизе,49
къваригӏел,49
къотӏ-къотӏизе,49
къулчӏизе,49
кӏвекӏизе,49
макьилъ,49
метер,49
мискинлъизе,49
нодо,49
нохъо,49
прибор,49
проект,49
роман,49
рукӏкӏен,49
сали,49
турут,49
хӏалтӏухъаби,49
цӏвакизабизе,49
чӏамучӏаб,49
чӏедераб,49
автобус,48
бежаризе,48
бечӏчӏизе,48
бомба,48
гъункизе,48
гьадингояб,48
гӏайибаб,48
гӏуцӏи,48
команда,48
къехь,48
лъангутӏи,48
маргьа,48
пункт,48
ритӏучӏ,48
сан,48
тушманлъизе,48
унго-унгояб,48
учуз,48
хвасарлъизе,48
хъвалхьине,48
хӏалхьи,48
хӏанчӏи,48
шар,48
щущазабизе,48
аваданаб,47
авал,47
ахӏи-хӏур,47
бачӏунеб,47
бигьалъизе,47
буцӏцӏине,47
гуми,47
гьабсагӏат,47
гьакибер,47
гӏадал,47
динияб,47
добегӏан,47
жиб,47
залимаб,47
камил,47
кватӏун,47
квачӏ,47
куцазе,47
къотӏаризе,47
кӏалагъоркье,47
лъукъизе,47
нагӏана,47
пахь,47
рахи,47
рикӏкӏалъизе,47
роцӏине,47
си,47
сихӏирлъизе,47
словарь,47
сурукъаб,47
такъсир,47
теория,47
тӏаса-масаго,47
ункъбукӏкӏине,47
хъазан,47
хӏаж,47
хӏелеко,47
хӏехь,47
цӏакъаб,47
цӏорозабизе,47
энергия,47
амру,46
берцинлъи,46
бихьинаб,46
гъадаро,46
гъал,46
гьеле,46
гӏергӏедизе,46
кар,46
ккезабизе,46
къей,46
къиса,46
кӏалтӏу,46
ланг,46
масала,46
сайгъат,46
сигнал,46
христиан,46
хъарсизе,46
хъахӏилаб,46
хӏайранлъизе,46
хӏакъир,46
чанахъан,46
шахматал,46
щакъи,46
авар,45
бакъизе,45
белъанхъизе,45
библиотека,45
бицалъизе,45
буюризе,45
гъалай,45
гьей,45
гӏодоцине,45
дандбитӏун,45
дурго,45
дургъизе,45
зал,45
камиллъизе,45
карта,45
къиризе,45
къуркьизе,45
кӏамури,45
машгьурлъизе,45
метр,45
мода,45
мугьру,45
паркъизе,45
раци,45
рекьи,45
рукӏкӏине,45
тамахлъизе,45
ургьиб,45
хисардизе,45
хутӏел,45
хъачӏлъизе,45
хьоп,45
хӏалакъаб,45
хӏеренлъизе,45
хӏурматияб,45
цӏехезе,45
эхетизе,45
автор,44
багьизе,44
бихьинал,44
ведро,44
вокьулев,44
гали,44
гъуни,44
гӏанлъизе,44
гӏахьалаб,44
гӏолилав,44
киса-кибего,44
кислота,44
литература,44
лъил,44
накъиш,44
норма,44
пашман,44
свак,44
собозе,44
таманча,44
тирилъизе,44
тӏолгоял,44
тӏупизе,44
хас,44
хехдаризе,44
хъудизе,44
хӏакимлъи,44
цех,44
цӏуни,44
чагӏи,44
чилла,44
балъголъи,43
бецӏцӏизе,43
гъулгъудизе,43
гьитӏин,43
дандеккунгутӏи,43
жавабчилъи,43
жен,43
жинс,43
космос,43
критика,43
курсал,43
кьенсер,43
лъикӏлъизабизе,43
мажгит,43
мурапа,43
огь,43
организация,43
орден,43
пархине,43
резин,43
рекӏарал,43
рикӏкӏадаб,43
секьизе,43
сурсат,43
такрар,43
тел,43
хахизе,43
хъухъадиро,43
хӏадураб,43
цӏалдезе,43
чӏабар,43
адаб-хъатир,42
ахбазан,42
беэнлъизе,42
гъаргъар,42
гъоркьияб,42
гьайбат,42
гӏалимчи,42
гӏасру,42
гӏицӏаб,42
жугьутӏал,42
квартира,42
къого,42
лъугьин,42
рогьел,42
собрание,42
совет,42
спорт,42
стакан,42
сцена,42
такрарлъизе,42
тӏогьилаб,42
угьизе,42
хадусеб,42
хъублъизабизе,42
цадахъаб,42
цузе,42
чӏухӏдаризе,42
электрикияб,42
бакӏалъул,41
банк,41
бетӏергьанлъи,41
биинабизе,41
букӏкӏине,41
варани,41
гвангъараб,41
гьекъолеб,41
гӏаданлъи,41
гӏиси-бикъинаб,41
дуризе,41
история,41
квешаб-лъикӏаб,41
копия,41
къвалакь,41
къотӏел,41
лагълъи,41
лазатбахъи,41
отдел,41
отпуск,41
расандизе,41
рижи,41
риидал,41
совхоз,41
суризе,41
тохлъизе,41
тӏатинабизе,41
урхъизе,41
фото,41
халича,41
хурхен,41
хъап,41
хьазе,41
хӏалихьатаб,41
хӏикматаб,41
чӏаразе,41
чӏинкӏиллъи,41
чӏорто,41
юргъан,41
бакь,40
бакӏа-бахаризе,40
бахиллъизе,40
буссизе,40
гозо,40
гугаризе,40
гъеду,40
гъине,40
гьуэр,40
гӏела,40
добехун,40
жамагӏат,40
ихдал,40
кваназабизе,40
кваркьи,40
клетка,40
кьили,40
операция,40
рагӏад,40
термин,40
фронт,40
хъантӏизе,40
хьандезе,40
хӏацӏу,40
хӏинкъизабизе,40
хӏос,40
цокӏаллъизе,40
цӏогьор,40
чвалхизе,40
щий,40
агъаз,39
баргъич,39
биччизабизе,39
гиризабизе,39
гьедигӏан,39
гьусизе,39
гӏанса,39
гӏинтӏамизе,39
дирго,39
директор,39
духъ,39
жубазабизе,39
качество,39
къинабизе,39
кьватӏел,39
кьегӏ,39
кӏул,39
лал,39
мал,39
мали,39
миллат,39
налог,39
нугӏ,39
печать,39
регӏел,39
ругънал,39
рурудизе,39
рухӏияб,39
сверел,39
умумул,39
учитель,39
хъаз,39
хъухъазе,39
хӏебет,39
хӏилла,39
цолъи,39
цӏоб,39
чӏегӏер,39
щвата,39
ячине,39
база,38
баккаризе,38
бахӏарай,38
болъо,38
борч,38
бригада,38
бугьине,38
гъуд,38
гъутухъ,38
гьогьомизе,38
гӏадалаб,38
гӏакӏа,38
гӏурдахӏан,38
дир,38
дурусаб,38
ичӏго,38
квелъ,38
кинабалиго,38
лагӏизе,38
лъалхъизе,38
лъулъазе,38
мебель,38
офицер,38
ритӏухъаб,38
рукъзал,38
склад,38
трактор,38
хехлъизабизе,38
хинкӏ,38
хъахӏ,38
хьуцӏ,38
хӏалухъен,38
хӏапара,38
цӏоро-гъорозе,38
шагӏир,38
шайтӏан,38
щурун,38
эхебе,38
аваданлъизе,37
бидурихь,37
битӏахъе,37
бортизабизе,37
бутӏ,37
гьедизе,37
гӏараб,37
дагь-дагьккун,37
далил,37
дарай,37
дугӏа,37
кабинет,37
кепаб,37
кочӏохъан,37
къабихӏаб,37
къулизабизе,37
кьаралъизе,37
кӏичӏизабизе,37
кӏургӏизе,37
мадар,37
мастерская,37
маххал,37
нахътӏамизе,37
рагӏизабизе,37
ракӏчӏезе,37
речӏчӏаризе,37
рихьдае,37
ругьел,37
сверухълъи,37
сум,37
суркӏа,37
тохаб,37
турба,37
тӏадецузе,37
тӏалъел,37
тӏатӏи,37
фильм,37
хатӏ,37
хира,37
хъвагӏазе,37
хьуризе,37
хӏат,37
хӏеккине,37
цӏуяб,37
чӏунтизе,37
чӏурканлъизе,37
щакдаризе,37
асир,36
ахада,36
бала-гъалагьизе,36
бахъаризе,36
бахӏарчияб,36
бензин,36
босаризе,36
бугӏа,36
букъаризе,36
гъамас,36
гъиз,36
гьагъаб,36
гьардезе,36
гьарзаяб,36
гьетӏараб,36
гьодораб,36
гӏадатлъизе,36
какизе,36
квалквадизе,36
квацӏи,36
километр,36
лъамияб,36
марка,36
математика,36
махщалида,36
мискин,36
нигӏмат,36
пионер,36
пирхизе,36
рогьине,36
сверухъе,36
сургу,36
талихӏаб,36
тах,36
техникияб,36
тӏилгӏазе,36
хинлъи,36
хиси,36
хор,36
хьвади,36
хӏатта,36
хӏунчизе,36
эл,36
агьлу,35
больница,35
бугӏун,35
буцӏизе,35
гайка,35
гач,35
гожо,35
гъецӏ,35
гьаб и гьай,35
гьализабизе,35
гьуинлъизе,35
гьурщизе,35
гӏаг,35
дуруслъизе,35
жамгӏияб,35
квартӏа,35
квербацӏцӏ,35
кибго,35
кида,35
куц-мухъ,35
къварилъи,35
кьогӏаб,35
кӏанцӏезе,35
кӏичӏ-кӏичӏизе,35
можоро,35
мутӏигӏаб,35
намуслъизе,35
ордек,35
охцер,35
пири,35
реакция,35
рекӏкӏ,35
республика,35
сахаб,35
сихӏкъотӏизе,35
танк,35
тирияб,35
тӏадбуссине,35
тӏадехун,35
футбол,35
хамур,35
хӏе,35
хӏелизе,35
хӏинцлъизе,35
цӏутӏизе,35
чилизе,35
чухӏизе,35
ччобори,35
чӏухӏизабизе,35
эбел-эмен,35
язихълъизе,35
яхӏ-намус,35
авараг,34
адрес,34
акт,34
балугълъизе,34
барти,34
бачӏин,34
билълъун,34
бохьизе,34
бугун,34
гарал,34
гвай,34
грамм,34
гури,34
гъапуллъизе,34
гъветӏ-хер,34
гъугъазе,34
гьалагаб,34
гӏей,34
гӏемерисеб,34
гӏеризе,34
дандбазе,34
зиян,34
камилаб,34
квана-гьекъезе,34
кинго,34
комитет,34
къватӏибехун,34
кьучӏаб,34
лагьизе,34
лакай,34
лъикӏлъи,34
махӏцине,34
мукъулукъ,34
нахъбахъизе,34
начальник,34
папирос,34
питна,34
ремонт,34
сину,34
сихӏираб,34
сундухъ,34
тахта,34
тушманаб,34
тӏинкӏизе,34
фигура,34
херай,34
ххенезе,34
хъаба,34
хъирщизе,34
цуризе,34
чӏалгӏаде,34
чӏалхине,34
чӏамизе,34
азарго,33
ал,33
аниб,33
бакӏ-бакӏалда,33
бек-бекизе,33
бечед,33
битӏараб,33
гаргар,33
география,33
гогьаб,33
гъваризе,33
гъункараб,33
гӏахьалчи,33
гӏорцӏизегӏан,33
дагӏба-рагӏи,33
дарман,33
дугъдазе,33
капуста,33
квербакъизе,33
керчаб,33
кибего,33
кули,33
курс,33
къачӏадизе,33
къвагъизе,33
къвакъвадизе,33
къезе,33
кӏалъай,33
кӏотине,33
лахӏ,33
лахӏзат,33
лъабабго,33
лъадаризе,33
макру,33
машинка,33
мокъокъ,33
нота,33
пиша,33
процент,33
пуйзе,33
раччи,33
регӏизе,33
тӏорахь,33
физика,33
фонд,33
хазина,33
хилиплъизе,33
хьонтӏи,33
хӏакъаб,33
хӏалбихьи,33
цӏа-кан,33
щекӏ,33
щущазе,33
экономикияб,33
ясалъул,33
ахӏанже,32
бегуниса,32
бекӏкӏизе,32
битӏа-бишизе,32
бугъа,32
гел,32
гъванща,32
гъоркьчӏел,32
гьадинго,32
гьоболлъи,32
гьогьен,32
гӏолилал,32
гӏолохъанлъизе,32
гӏункӏрукь,32
запас,32
къор,32
кьин,32
кӏичӏвазе,32
лъалъазе,32
махӏу,32
насихӏат,32
нахъбилълъине,32
оркестр,32
пиво,32
программа,32
рагъизе,32
рагӏа-ракьан,32
рикӏи,32
рогьоб,32
рохалилаб,32
сихӏру,32
спортсмен,32
телевизор,32
туз,32
тури,32
тӏех,32
христианал,32
хӏаризе,32
хӏикмалъизе,32
цебегосеб,32
чадир,32
чияраб,32
чӏахӏа,32
чӏобоголъизе,32
шляпа,32
штаб,32
якъинлъизе,32
атом,31
ахӏмакъ,31
багӏар,31
бесдал,31
беччизе,31
бизарлъизе,31
бокь,31
бокьоб,31
бугин,31
буран,31
бурбудизе,31
буххизе,31
васвасдизе,31
велосипед,31
гурин,31
гьадинабго,31
гьанжесеб,31
гьудуллъи,31
гӏодоцинабизе,31
гӏурусал,31
дагӏба-къец,31
дегӏен,31
диде,31
дуда,31
загьруяб,31
загӏип,31
зани,31
ижара,31
исхъали,31
кӏикъоялда,31
кӏусизе,31
магьари,31
мехалда,31
мечӏ,31
милъир,31
музей,31
муцӏи,31
нанай,31
огоб,31
парк,31
продукт,31
рекӏарав,31
речине,31
сири,31
сухъмахъ,31
ургьимес,31
училище,31
философия,31
флот,31
харицел,31
хекко,31
хӏалае,31
хӏули,31
хӏутӏ,31
цебегӏан,31
цирк,31
цойидасан,31
цӏалкӏу,31
чарлъизе,31
чӏинтӏизабизе,31
азине,30
алжан,30
байбихьул,30
бакъалда,30
балагьизабизе,30
бегӏеризе,30
бетӏергьанаб,30
беэн,30
бокьи,30
гьаркьал,30
гьебго,30
гьоло,30
гӏечугъветӏ,30
дагьабниги,30
дуде,30
жужазе,30
зама-заманалдасан,30
интересаб,30
квегӏенлъизе,30
къотӏи-къай,30
къотӏизабизе,30
кьарияб,30
кӏибикьизе,30
кӏкӏал,30
кӏуни,30
кӏуризе,30
лъабабилеб,30
лъеберго,30
лъелго,30
маданият,30
май,30
микки,30
михир,30
мунпагӏат,30
насос,30
нечей,30
нису,30
пахрулъизе,30
пенсия,30
пластинка,30
председатель,30
ражи,30
разилъи,30
разилъунгутӏи,30
ракьанда,30
ралъдал,30
рама,30
рогӏоро,30
тарихияб,30
телеграмма,30
тетрадь,30
тӏегьазе,30
тӏеркӏезе,30
университет,30
харибакӏ,30
хъахӏиллъизе,30
хъачӏго,30
хӏасратаб,30
хӏинцаб,30
цӏатари,30
цӏо,30
чагъана,30
чемодан,30
чини,30
чорокаб,30
чӏакӏултӏан,30
чӏара-хьараб,30
щуб,30
щулалъизабизе,30
эгъе,30
язихъаб,30
ясал,30
ясикӏо,30
ахирияб,29
балъ,29
балъаргъине,29
бекӏ,29
бел,29
буржуазияб,29
вакиллъи,29
вахӏшияб,29
гогьма,29
гочаризе,29
гул,29
гъалбацӏ,29
гъанкъизабизе,29
гьаваяб,29
гьакӏкӏазе,29
гьитӏинлъизе,29
гӏагӏадизе,29
гӏала,29
гӏарз,29
гӏеблъизе,29
гӏебса,29
дандекквезе,29
дихъ,29
дунги,29
жаназа,29
загьираб,29
зваргъизе,29
икра,29
капитан,29
катӏари,29
кисанго,29
кунчӏ-кунчӏизе,29
куркьби,29
къачӏа-кӏатӏазе,29
къокълъизе,29
къункъра,29
кӏалгӏа,29
кӏихӏи,29
лак,29
лента,29
макруяб,29
малълъизе,29
мащу,29
министерство,29
нахъбуссинабизе,29
нахъеккезе,29
паспорт,29
пассажир,29
приказ,29
ралагьи,29
расги,29
раххан,29
рехьед,29
риз,29
ризлъизе,29
рукен,29
свердизе,29
согӏаб,29
сордо-къо,29
спектакль,29
тӏарамагъадисеб,29
тӏеренлъизе,29
тӏогьиллъизе,29
угьдизе,29
ударение,29
устарлъи,29
хашаб,29
хераб,29
ххараб,29
хъарпуз,29
хъвалсазе,29
хъубухъине,29
хьвада-чӏвади,29
хӏабургъине,29
хӏайран,29
хӏасрат,29
цебегоялдаса,29
цогояб,29
цохӏого,29
цӏикизе,29
цӏороберал,29
цӏункӏизе,29
чирма,29
чирмакъали,29
чӏинкьа-кӏитӏизе,29
чӏунтизабизе,29
чӏурканаб,29
щоб,29
ящик,29
алхине,28
ахӏмакълъизе,28
бакътӏерхьул,28
банка,28
баркат,28
басине,28
бахьизе,28
бахӏс,28
бохизабизе,28
букаризе,28
букӏкӏ-букӏкӏине,28
грекал,28
гургинлъизе,28
гъоркьлъел,28
гьагаб,28
гьадав,28
гьунизе,28
дица,28
зунизе,28
инженер,28
инжитлъизе,28
кагътал,28
кашиш,28
кумекчи,28
къоролай,28
кӏиликӏ,28
ле,28
лъилъаризе,28
лъутӏ,28
макьид,28
микьир,28
мукъсанаб,28
мукӏур,28
надал,28
напс,28
некӏого,28
палата,28
памятник,28
паркъезе,28
пастӏан,28
пуланаб,28
ракъдада,28
расанкӏо,28
рекӏекълъизе,28
речӏчӏизабизе,28
ричӏчӏи,28
сардилъ,28
сахлъизабизе,28
слог,28
спорталъул,28
татарал,28
тема,28
транспорт,28
тӏадагьлъизе,28
тӏадчӏезе,28
тӏиризе,28
факультет,28
хагазе,28
хачазе,28
хъинтӏизе,28
хӏайранлъи,28
цӏахӏилаб,28
чабах,28
чанги,28
чороклъизабизе,28
чӏалгӏинабизе,28
чӏегӏерлъизе,28
анализ,27
ахалъи,27
багьадур,27
бахча,27
берал,27
бетон,27
бикъаризе,27
бочка,27
гурищ,27
гъегъ,27
гъой,27
гьумераб,27
гӏаксалда,27
гӏемерисел,27
гӏисинлъизе,27
гӏуна,27
гӏурччинлъизе,27
дализабизе,27
дандеккезе,27
депутат,27
жигараб,27
жул,27
зваргъезе,27
карт,27
кофе,27
кровать,27
къабихӏ,27
къаде,27
къанагӏат,27
къатӏра,27
къверкъ,27
къурущ,27
кьогӏлъизе,27
кӏал-мацӏ,27
кӏикъого,27
кӏкӏалахъ,27
кӏкӏара,27
кӏутӏби,27
магъакь,27
мармар,27
махӏрумлъизе,27
мегъ,27
мотоцикл,27
мусру,27
нар,27
нахъеги,27
парламент,27
паровоз,27
пахруяб,27
премия,27
пударизе,27
рагӏ,27
разведка,27
рекӏкӏаб,27
ретӏа-къазе,27
рецӏцӏ,27
сабаб,27
секретарь,27
судизе,27
сури,27
тала,27
трамвай,27
тӏадекӏанцӏизе,27
тӏадерахъи,27
унго,27
хасалихълъи,27
хъабахъ,27
хъасизе,27
хъил,27
хъуб,27
хӏамам,27
цемент,27
цоцахъ,27
цӏикӏкӏинаби,27
цӏогь,27
цӏогьодизе,27
чӏегӏернарт,27
штат,27
щенезе,27
экран,27
эркенлъи,27
архив,26
аскарияв,26
ахӏул,26
бакъвалъизе,26
баркизе,26
беэдизе,26
букӏкӏинабизе,26
гвангъизабизе,26
гомог,26
градус,26
гъира-шавкъ,26
гъура-чункизе,26
гьанкӏизе,26
гьумералъул,26
гӏанкизе,26
гӏедегӏи,26
демократияб,26
жаза,26
законияб,26
зодиб,26
илбис,26
касса,26
клуб,26
конверт,26
къочизе,26
кьурдухъан,26
кӏвахӏ,26
лъезабизе,26
лъугьа-бахъине,26
лъутӏизе,26
лыжаби,26
миркалъ,26
мокърукь,26
накӏкӏигъветӏ,26
нацӏ,26
нугӏлъи,26
океан,26
отряд,26
паризе,26
пасалъизе,26
пил,26
помещик,26
профсоюз,26
ракъдаллъизе,26
ракӏ-ракӏалъ,26
ракӏхвезе,26
рацӏцӏел,26
рез,26
рекӏен,26
речӏ,26
речӏчӏи,26
роцӏараб,26
рукь,26
рухса,26
санаторий,26
саяхълъизе,26
сорозе,26
состав,26
столовая,26
страхование,26
съезд,26
таризе,26
тӏибитӏи,26
тӏул,26
тӏуцаб,26
учузаб,26
халкквезе,26
хандакъ,26
химикияб,26
хъантӏараб,26
хъещтӏезе,26
хъирим,26
хъуп,26
хьетӏизе,26
хӏалакине,26
хӏалцен,26
цӏекӏлъизе,26
цӏубазе,26
чанкӏкӏизе,26
чвархъезе,26
чорхол,26
чучлъизабизе,26
чӏагӏа,26
чӏахӏалъизе,26
чӏурхӏизе,26
щинкӏизе,26
юбка,26
юг,26
Къуръан,25
авара,25
академия,25
багьаяб,25
баизе,25
баккизабизе,25
бакӏалъулаб,25
барсизе,25
басандизе,25
басра,25
бачӏинахъего,25
бежизабизе,25
бецӏ,25
бизар,25
бичӏчӏуледухъ,25
божи,25
борлъаризе,25
вахӏ,25
векьарухъан,25
гудур,25
гъабу,25
гъвел,25
гъол,25
гъоркьанретӏел,25
гьадаб,25
гьоцӏу,25
гьукъараб,25
гӏагарлъи,25
гӏолареб,25
гӏорто,25
дело,25
дипломатияб,25
жасус,25
зарра,25
зирараб,25
зурма,25
иман,25
капек,25
квенчӏел,25
коллектив,25
къавулъ,25
къанагӏатаб,25
къезабизе,25
къеч,25
къинаб,25
къуркьизабизе,25
кьерукъаб,25
лабаллъизе,25
лимон,25
лъалаго,25
лъелаб,25
лъикӏалан,25
мекълъизе,25
минерал,25
мужалат,25
недегьаб,25
пана,25
полиция,25
профессор,25
пучаб,25
рагьукъаб,25
разряд,25
раствор,25
редактор,25
режим,25
рекӏелаб,25
релълъин,25
рухӏел,25
сунтӏизе,25
тайи,25
таращ,25
тархъизе,25
тираж,25
тӏекъаб,25
тӏерен,25
тӏокъо,25
ункъабилеб,25
упражнение,25
хабал,25
хъвехъизе,25
хӏалакълъизе,25
хӏалтӏизаби,25
чанлъаб,25
чвалхезе,25
чвахи,25
шартӏияб,25
экскурсия,25
якъинаб,25
авиация,24
ахираб,24
ашбаз,24
багӏари,24
базарган,24
баси,24
батарея,24
бахъин,24
бахӏарав,24
бегӏерлъизе,24
беричлъизе,24
бигьине,24
битӏунхъвай,24
гьагӏу,24
гьарза,24
гьарзалъизе,24
гьекъезабизе,24
гьерсихъан,24
гьецӏо,24
гьоркьо-гьоркьоб,24
гӏазаб-гӏакъуба,24
гӏайибияв,24
гӏанси,24
гӏодобегӏанлъизе,24
дагьалъ,24
дворянал,24
дугъдазабизе,24
дунялалъул,24
дуца,24
жужахӏ,24
зигардизе,24
зодихъ,24
йокьулей,24
кандидат,24
квегӏенаб,24
культурияб,24
курак,24
кутан,24
къарумлъизе,24
къебелъи,24
къоло,24
къурбан,24
кӏалалъ,24
кӏаризе,24
кӏвекьмахх,24
кӏиркъизе,24
лагерь,24
лачен,24
лугби,24
лъоба,24
магӏарул,24
магӏарухъ,24
микроб,24
милъиршо,24
моцӏу,24
мугъчӏвай,24
назуклъизе,24
нигат,24
область,24
парпадизе,24
пилпил,24
полякал,24
пост,24
практика,24
процесс,24
расен,24
рацӏцӏалъи,24
ращалъи,24
релъаризе,24
спортивияб,24
сумка,24
таваккалаб,24
татарай,24
типография,24
толохӏочине,24
туркал,24
тӏехӏине,24
тӏуркӏизе,24
угьаризе,24
фотоаппарат,24
халгӏат,24
хвезегӏан,24
херхине,24
хитӏаб,24
хунтӏизе,24
хьадарлъизе,24
хӏалимаб,24
цебесан,24
цебетӏей,24
цебехъанлъи,24
чараб,24
чехъезе,24
шал,24
шашка,24
щакаб,24
эв,24
якъин,24
авария,23
ахирги,23
баб,23
бабадизе,23
балет,23
батӏалъизабизе,23
бахинабизе,23
бекерахъдизе,23
бигине,23
бикь-бикьизе,23
битизе,23
бицен,23
буголъи,23
бущине,23
гага,23
герб,23
гимнастика,23
грамматика,23
гужгат,23
гъарин,23
гъинабизе,23
гъугъадизе,23
гӏага-шагарго,23
гӏадалнах,23
гӏадалъ,23
гӏазабаб,23
гӏай,23
гӏантлъизе,23
гӏарахъ,23
гӏари,23
гӏаркьахине,23
даран-базар,23
заказ,23
икрам,23
камизабизе,23
кванирукъ,23
кепалда,23
книжка,23
князь,23
комплект,23
консерв,23
крахмал,23
къадарлъизе,23
къадру-къимат,23
къалъизе,23
къатӏипа,23
кьаби,23
кӏалцӏи,23
кӏалъа-ралъазе,23
кӏетӏезе,23
кӏиабизе,23
кӏигьумер,23
кӏицӏул,23
кӏкӏуржине,23
лъабцӏул,23
лъедер,23
магъало,23
мажлис,23
маймалак,23
мацӏихъан,23
миллияб,23
мустахӏикълъизе,23
накъит,23
намусаб,23
нарт,23
нахъегӏанлъизе,23
нахъекъазе,23
нилъерго,23
опера,23
отделение,23
пал,23
паракъалъизе,23
пиринчӏ,23
планета,23
порт,23
посылка,23
протокол,23
пуруц,23
ракӏари,23
рекорд,23
рорчӏи,23
рохокъотӏи,23
садакъа,23
сказуемое,23
справка,23
сукӏел,23
такъсирчи,23
телевидение,23
тӏанса,23
ункъил,23
унтарав и унтарай,23
фамилия,23
ханлъи,23
херлъи,23
хъитӏ,23
хъуй-хъай,23
хьордозе,23
хьухьаризе,23
хӏалихьалъизе,23
хӏапдезе,23
хӏаракатчи,23
хӏеренго,23
хӏинцго,23
ццидахинабизе,23
цӏекӏаб,23
чагур,23
чвархъизе,23
чемпион,23
чучизабизе,23
шифр,23
щивго,23
щурщудизе,23
экспедиция,23
юбилей,23
алфавит,22
багӏли,22
бетӏергьанчи,22
бигьалъизабизе,22
бикьизабизе,22
буге-гьечӏеб,22
бугъизе,22
бюро,22
вахӏшилъизе,22
власть,22
газа,22
галан,22
гара-чӏваризе,22
гьалмагълъи,22
гьекъолдухъан,22
гьетӏаризе,22
гӏахьал,22
гӏедегӏахъдизе,22
гӏинкъаб,22
давла,22
диплом,22
диссертация,22
доход,22
заведение,22
захӏмалъизабизе,22
илхъи,22
ин,22
инжитаб,22
иргаялда,22
кадраби,22
кокон,22
командировка,22
къавм,22
къадако,22
къадал,22
къанщизе,22
кьабезе,22
кьеккен,22
кьеризе,22
кьерхине,22
кьуркьудизе,22
лангар,22
линейка,22
лъазаби,22
мадугьалихъ,22
мазь,22
маххулнух,22
министр,22
мичӏ,22
могоро,22
муч,22
напсияб,22
нартил,22
официалияб,22
пакъир,22
полотенце,22
предметияб,22
пурчӏун,22
пучлъизе,22
рахӏатхвезе,22
резерв,22
рекъаб,22
релълъен,22
релълъинабизе,22
реформа,22
свадизе,22
смена,22
сузе,22
тархъанлъизе,22
тасамахӏлъизе,22
тирхизе,22
тулаклъизе,22
тӏагӏамаб,22
тӏадебачӏине,22
тӏенкӏезе,22
тӏомол,22
ункъабго,22
участка,22
учузлъизе,22
учёт,22
ферма,22
хапун,22
хъарс-хъарсизе,22
хъачагъ,22
хьуй,22
хӏадаризе,22
хӏалкӏолъи,22
хӏанкъва,22
хӏапизе,22
хӏедучирахъ,22
хӏисаб-суал,22
цебехъахъдизе,22
цӏикӏкӏун,22
цӏира,22
час,22
чучлъизе,22
шайих,22
авалалда,21
апельсин,21
бада-гъудур,21
барщи,21
бахъ-бахъизе,21
бергьенлъиялда,21
бесдаллъизе,21
беццаризе,21
бокъин,21
бокъинабизе,21
брак,21
булка,21
бурутӏ,21
бутӏрул,21
гамущ,21
гиргидизе,21
грипп,21
гъая,21
гъираялда,21
гъоле,21
гьалаг,21
гьатӏан,21
гьелизе,21
гьоркьобакӏ,21
гӏайиблъизе,21
гӏакълу-лъай,21
гӏанхвара,21
гӏебу,21
даруяб,21
дида,21
жа,21
жага,21
жахӏда,21
же,21
жема-къемизе,21
забастовка,21
зобал,21
зодоб,21
инагьдизе,21
ихх,21
камера,21
канал,21
карточка,21
квешлъи,21
комиссар,21
контора,21
кружок,21
курорт,21
къайи-матахӏ,21
къисас,21
къойилаб,21
кьалха-риххизе,21
кьвагьдохъан,21
лъор,21
мазгьаб,21
мохмох,21
мучари,21
накку,21
пагьму-гьунар,21
палугьан,21
партизан,21
пашманлъи,21
помидор,21
поход,21
принцип,21
продукция,21
промышленнияб,21
ракъдалаб,21
ракълилаб,21
ресторан,21
рецаризе,21
ричӏчӏ,21
рокӏкӏен,21
роси,21
рочохен,21
руз,21
руль,21
сандукӏ,21
сихӏирго,21
совещание,21
стандарт,21
суффикс,21
тамахлъизабизе,21
тахшагьар,21
тормоз,21
туфла,21
тӏадбуссинабизе,21
тӏадегӏан,21
тӏадегӏанлъизе,21
тӏасабичӏизе,21
тӏинаб,21
угьине,21
финансал,21
хиянатаб,21
хоккей,21
хӏеккинабизе,21
хӏурматалда,21
хӏухь,21
цузабизе,21
цӏалтине,21
цӏубаро,21
цӏунцӏра,21
чагъиралъул,21
чанчахине,21
чӏалгӏен,21
шахта,21
щокълъизе,21
щущахъ,21
щущине,21
авадан,20
автомат,20
администрация,20
багъа-бачаризабизе,20
бакине,20
бакк-баккизе,20
балугълъи,20
бахчаризе,20
бигьаро,20
бихӏине,20
борлъ-борлъизе,20
букъизабизе,20
бунт,20
буцур,20
вацгӏал,20
воре,20
гваргъизе,20
геометрия,20
гогьлъизе,20
гостиница,20
гурга,20
гъей,20
гьулчизе,20
гӏаксаб,20
гӏакъиллъизе,20
гӏаси,20
гӏегӏедизе,20
гӏишкъу,20
гӏурччин,20
дабагъ,20
данделъи,20
заралияб,20
зурзудизе,20
ислам,20
канчӏаб,20
карачалаби,20
картон,20
конкурс,20
консультация,20
корпус,20
къадеквен,20
къарумаб,20
къоябго,20
кьватӏ-кьватӏизе,20
кӏалъа-бацазе,20
кӏкӏвине,20
лаборатория,20
лъабгояб,20
мажмугӏ,20
мисалияб,20
мукъур,20
наклонение,20
нахъахутӏизе,20
нахъегӏан,20
некь,20
нилъу,20
нужер,20
нуси,20
оборона,20
образ,20
общественнияб,20
округ,20
пасихӏаб,20
пломба,20
проблема,20
рагьу,20
раква,20
ракӏжубазе,20
расалъи,20
расул,20
рацӏцӏи,20
рехунтезе,20
речӏчӏа-регӏизе,20
риидалил,20
ришват,20
рохти,20
сага,20
саяхъ,20
саяхъаб,20
согӏлъизе,20
спичка,20
таблица,20
тамах,20
тамашаго,20
таржама,20
температура,20
тенкезе,20
теннис,20
тӏавус,20
тӏадебосизе,20
тӏалъизе,20
тӏарамагъада,20
тӏарс,20
тӏаса-масагояб,20
тӏирщизе,20
тӏуба-гъубазе,20
тӏуртӏудизе,20
хайираб,20
хен,20
хъутан,20
хьвацӏа,20
хьолбохъ,20
хӏалихьат,20
хӏенсезе,20
цебетӏамизе,20
цебетӏезабизе,20
цитата,20
цудунго,20
цӏадираби,20
чвархъан,20
черек,20
чучазе,20
чӏахӏ,20
чӏучӏадизе,20
шоколад,20
щуабилеб,20
щётка,20
автомашина,19
аздагьо,19
аптека,19
аргъан,19
ахихъан,19
байбихьуда,19
балкан,19
барщаризе,19
бикӏаризе,19
бицин,19
бортанхъизе,19
борхат,19
бурди,19
бухьа-къазе,19
вабабай,19
вабаъ,19
валлагь,19
гагу,19
галстук,19
гарцӏ,19
гважи,19
гургин,19
гуризабизе,19
гъармахъ,19
гъункизабизе,19
гьаглъизе,19
гьаркьилаб,19
гьесизе,19
гьетӏи,19
гӏабул,19
гӏакъил,19
гӏасилъизе,19
гӏашикълъизе,19
гӏедегӏалихъе,19
гӏекӏ,19
гӏерекъ,19
гӏи-боцӏи,19
гӏинтӏи,19
гӏорцӏен,19
гӏужрукъ,19
демократия,19
доктор,19
жем-жемизе,19
жугьутӏ,19
загӏиплъизабизе,19
иргадулаб,19
каникул,19
капитал,19
капитализм,19
килограмм,19
кисан,19
кици,19
комбайн,19
къабихӏлъизе,19
къанагӏалъизе,19
къатӏизе,19
къирал,19
къолден,19
кьеризабизе,19
кьуризабизе,19
кӏаланчӏад,19
кӏарччанлъизе,19
кӏийилаб,19
кӏочонтезе,19
кӏудада,19
ламадур,19
лъавукълъи,19
лъугӏел,19
лъукъарав,19
магӏарулал,19
медаль,19
мехти,19
микк,19
милат,19
милиция,19
миллион,19
мокъ,19
монастырь,19
моцӏалъ,19
мухбир,19
общежитие,19
парча,19
пасат,19
портрет,19
президент,19
пропуск,19
пружина,19
рагӏи-хер,19
рагӏият,19
разиго,19
регистрация,19
регьине,19
рекъа-решезе,19
рекъдизе,19
рекьарухъаби,19
рекӏелгъей,19
рикӏкӏадегӏан,19
роза,19
сагьвил,19
сакъатлъи,19
сам-самизе,19
самовар,19
свера-хъеризе,19
сезон,19
скобка,19
спутник,19
судияв,19
сукӏ-сукӏизе,19
тавбу,19
танкизе,19
тартадизе,19
татарав,19
тӏадагь,19
тӏасабищизе,19
тӏихь,19
тӏокӏкӏине,19
ункъоялда,19
управление,19
ургу,19
уяб,19
халалъухъе,19
хапизе,19
хасалихъе,19
хаслихъе,19
хехлъи,19
хиянат,19
хром,19
хъатир,19
хьамизе,19
хӏадурлъи,19
хӏалхьезе,19
хӏаракатчилъи,19
цидахине,19
цогияб,19
цокӏалаб,19
цонигияб,19
цӏабуцӏахъдизе,19
цӏадаризе,19
цӏарубакӏ,19
цӏей,19
цӏик-цӏикизе,19
цӏиркъ,19
цӏорой,19
чит,19
чӏабатӏ,19
чӏвантӏизе,19
чӏваркьезе,19
чӏел,19
чӏороло,19
шагьи,19
штамп,19
щапизе,19
щар,19
агълъизе,18
адвокат,18
алмас,18
аманат,18
ахту,18
бергьараб,18
бизине,18
бичча-бихъантезе,18
бичӏчӏи,18
божел,18
божунгутӏи,18
бугелъул,18
бугьун,18
букӏкӏ-букӏкӏинабизе,18
бухаризе,18
бухча,18
буччине,18
вагӏза,18
вехизе,18
вокзал,18
гвадар,18
гидизе,18
график,18
гъанцӏа,18
гъаризе,18
гъийин,18
гьанкӏезабизе,18
гьаргьадизе,18
гьи,18
гӏажал,18
гӏажизлъизе,18
гӏакса,18
гӏалим,18
гӏаркьа-кӏичӏизе,18
гӏедегӏараб,18
гӏисинккун,18
гӏузру,18
дагӏагьине,18
дваргъи,18
деби,18
драма,18
дуе,18
жийго,18
жугьа,18
зуризе,18
икъбал,18
квализе,18
кисаниги,18
классияб,18
конфет,18
кучӏдул,18
къад,18
къадан,18
къанун,18
къирщи,18
къороллъизе,18
кӏвахӏаллъизе,18
кӏичӏардизе,18
кӏодолъизабизе,18
лазатаб,18
леледизе,18
лъабилаб,18
лъабкъоялда,18
лъедераб,18
лъоб,18
мазгар,18
маккал,18
маржан,18
мех-мехалда,18
миккигъветӏ,18
микроскоп,18
микӏис,18
мимидизе,18
мочу,18
мочӏу,18
накӏкӏирохь,18
ноль,18
пакет,18
панкъ,18
пас,18
полпихине,18
правление,18
прилагательное,18
пулхине,18
ракъдаллъи,18
ракӏгъезе,18
ратӏалъи,18
рахӏатаб,18
рекел,18
рекълъизе,18
рельс,18
рещтӏинабизе,18
рифма,18
рояль,18
северияб,18
сий,18
силос,18
симис,18
сода,18
социалистияб,18
социалияб,18
старшина,18
сурахӏи,18
сценарий,18
том,18
тӏадкӏалъазе,18
тӏадхъел,18
тӏи,18
тӏинкъизе,18
удостоверение,18
унго-унголъун,18
ункъида,18
фанера,18
хартӏизе,18
хичизе,18
хъазахъ,18
хъахӏчӏазе,18
хъирщадизе,18
хъухъанчед,18
хьутӏ,18
хьуцӏахине,18
хӏайранаб,18
хӏалуцинабизе,18
хӏетӏ,18
хӏиллачи,18
хӏорлъизе,18
хӏул-хӏулизе,18
цӏабуцӏине,18
цӏилъизабизе,18
чертёж,18
чухъа,18
чӏанкӏ,18
чӏваркьизе,18
чӏинчӏу,18
чӏири,18
чӏобоголъизабизе,18
чӏум,18
чӏунизе,18
чӏчӏичӏчӏидизе,18
шагьранух,18
щийго,18
эргъезе,18
ёлка,18
аман,17
багьизабизе,17
багӏаргьоло,17
багӏдизе,17
базине,17
бакӏлъи,17
балканахине,17
бахкен,17
бахчи,17
бахӏарал,17
бегавул,17
бекьаризе,17
беццав,17
бечелъи,17
беэнлъи,17
бида,17
бикьакълъизе,17
билълъизе,17
бихха-бичизе,17
бихьинчилъи,17
бицанкӏо,17
биччазабизе,17
борчӏизабизе,17
бохдул,17
бурам,17
бусс-буссизе,17
ванна,17
варис,17
волейбол,17
галадизе,17
гвардия,17
генералияб,17
герен,17
гочинабизе,17
гунгудизе,17
гургур,17
гучалда,17
гъалатӏаб,17
гъуркъизе,17
гьад,17
гьардухъан,17
гьачдезе,17
гьая,17
гьин,17
гӏабаси,17
гӏалам,17
гӏарщ,17
гӏатӏилъизабизе,17
даранчи,17
делегат,17
дибир,17
доле,17
жагъал,17
жагьилаб,17
жакъасеб,17
жанахӏ,17
жаниблъи,17
зулмуяб,17
инструкция,17
кабель,17
камиллъизабизе,17
кантӏизе,17
кватӏизабизе,17
кидагосеб,17
кислород,17
коллекция,17
конституция,17
конференция,17
къайимлъи,17
къали,17
къванща,17
къварилъахъдизе,17
къвекӏ,17
къечӏ,17
къинлъаризе,17
къиркъидизе,17
къойил,17
къуркьи,17
кьер-кьераб,17
кьерукълъизе,17
кьерхен,17
кьохорхо,17
кьур-кьуризе,17
кӏатӏизе,17
кӏи-кӏи,17
кӏкӏуйтӏачине,17
кӏобокӏизабизе,17
кӏургӏ-кӏургӏизе,17
лага-черх,17
лебал,17
литр,17
лъадабе,17
лъалъадизе,17
магъакь-кӏачар,17
макьихине,17
мачу,17
меседкун,17
механикияб,17
мискинчи,17
монах,17
мумудизе,17
нагӏли,17
налъулав,17
нунудизе,17
отчёт,17
падишагь,17
пай,17
паналъизе,17
парус,17
пасихӏлъи,17
плащ,17
порошок,17
порция,17
посёлок,17
пропаганда,17
протез,17
ревизия,17
речӏчӏанхъизе,17
рещтӏен,17
ритм,17
рогьрагъине,17
рота,17
сарай,17
сахавалъизе,17
сахӏ,17
сверункквезе,17
свидетельство,17
сессия,17
скульптура,17
славян,17
социализм,17
стаж,17
сукно,17
сурукълъизе,17
таж,17
творчество,17
телеграф,17
терезе,17
теркизе,17
тирщизе,17
титул,17
тонна,17
торпеда,17
троллейбус,17
трубка,17
тӏагӏел-гӏучӏ,17
тӏами,17
тӏанкӏахине,17
тӏарада,17
тӏехӏ,17
тӏутӏу-хъухъузе,17
унтарай,17
харатӏ,17
хилъало,17
хиса-басизе,17
хъахӏил,17
хъухъизе,17
хьимизе,17
хьирхьидизе,17
хьухь,17
хӏабургъинабизе,17
хӏакъирлъизе,17
хӏалимлъизе,17
хӏарамзада,17
цагъур,17
цо-цоккун,17
чайник,17
чӏаголъизабизе,17
чӏвадан,17
чӏинхъизе,17
шаршав,17
шуршудизе,17
щалай,17
щват,17
щибдай,17
экипаж,17
экономика,17
югалъулаб,17
ярмарка,17
абадиялъ,16
абурав,16
абухъего,16
агент,16
агь,16
азархана,16
алъ,16
анищаб,16
аскарияб,16
ахта,16
ахх,16
багь-багьизе,16
бакъвалъизабизе,16
бакъваяб,16
бакӏвали,16
балагьаб,16
балухъ,16
басмахана,16
басралъизабизе,16
бахӏарзал,16
бахӏарлъизе,16
бахӏри,16
бегаризе,16
бегьи,16
бегӏ,16
беричаб,16
бессаризе,16
бетизабизе,16
бизарлъизабизе,16
бикьа-къотӏизе,16
биржа,16
блок,16
богӏоло,16
боркьараб,16
бусурманчи,16
бучӏизе,16
вариант,16
васигат,16
васият,16
вечер,16
гебегахъдизе,16
генерал,16
гоноцӏ,16
граф,16
гурхӏел-рахӏму,16
гьабил,16
гьадаба,16
гьацлъизе,16
гьелчезе,16
гьобогьине,16
гьогь,16
гьодорлъизе,16
гьохьизе,16
гьурал,16
гӏададасеб,16
гӏарцулаб,16
гӏачи,16
гӏинтӏизе,16
гӏунцизе,16
дада,16
дванкезе,16
дивизия,16
дополнение,16
дугъ,16
замагалъизе,16
зигарди,16
зиярат,16
зузудизе,16
имам,16
имгӏал,16
ити,16
календарь,16
катиб,16
качествоялъул,16
кило,16
кит,16
ккал,16
комедия,16
конькаби,16
къайи-цӏа,16
къалъ-къалъизе,16
къвакизе,16
къебед,16
къерщезе,16
къоб,16
къокълъизабизе,16
къула-ворхизе,16
къулгьу,16
къунтӏ,16
кьезабизе,16
кьищни,16
кьурулъ,16
кӏвахӏалаб,16
кӏигъеж,16
кӏургӏизабизе,16
лаб,16
логика,16
лъамалъи,16
лъедерлъизе,16
маданияб,16
маркӏачӏумех,16
март,16
массаж,16
мачӏаб,16
мачӏал,16
мегӏели,16
мел,16
метеор,16
мехел,16
мугъал,16
мулк,16
мурид,16
набор,16
нагагь,16
направление,16
наречие,16
нухъа,16
одеколон,16
оригинал,16
очерк,16
очко,16
палгъазе,16
парад,16
парччи,16
пинкьахине,16
полюс,16
пос,16
поэзия,16
поэт,16
произведение,16
прокат,16
пударухъан,16
пудра,16
пурчӏина,16
пурщизе,16
рагьтӏа,16
рагӏдукь,16
ракӏбуссине,16
ракӏгурхӏизе,16
ратӏал,16
релъаби,16
рентгеналъул,16
ресукълъизе,16
ретӏел-кун,16
рогьинегӏан,16
рокьукъ,16
ругӏел,16
семинар,16
серия,16
слесарь,16
сочинение,16
статуя,16
стипендия,16
сундухъго,16
сунтур,16
сунтӏ,16
сунхизе,16
суризабизе,16
такси,16
татуяб,16
тиризабизе,16
тулакаб,16
тӏагъи,16
тӏадбазе,16
тӏадго,16
тӏадгояб,16
тӏалаби,16
тӏалай,16
тӏанхал,16
тӏасарехизе,16
тӏерхьинабизе,16
ункъилаб,16
устав,16
философияб,16
фирма,16
хадухъахъдизе,16
хазабизе,16
хвенех,16
хелдезе,16
хрусталь,16
хулжал,16
хъащтӏизе,16
хъвалис,16
хъванкӏдизе,16
хъурщизабизе,16
хьибилалда,16
хӏабатӏ,16
хӏалкӏвезе,16
хӏарам,16
хӏари,16
хӏенчезе,16
хӏиллаяб,16
цили,16
цулъизе,16
чабхъен,16
чанхъ,16
чвахунцӏад,16
читӏир,16
чӏарадизе,16
чӏер,16
чӏил,16
шофёр,16
щуябго,16
якьад,16
ясазул,16
аваданлъи,15
аванс,15
агитация,15
агроном,15
ай,15
анцӏабилеб,15
атмосфера,15
баба,15
багъари,15
бакьуч,15
балагьахъдизе,15
бахьинаб,15
бахӏараб,15
бегӏукъаб,15
бецаризе,15
бецӏлъи,15
бидбиххун,15
бис,15
бихха-хочизе,15
богогьан,15
боргьине,15
боризе,15
босноб,15
ботӏрол,15
букъ-букъизе,15
бухъаризе,15
бухӏи,15
ватан,15
вацлъизе,15
ведомость,15
гвангвара,15
гелизе,15
герой,15
гипс,15
годекӏан,15
горизонт,15
гучлъизе,15
гъанцӏизе,15
гъанчизе,15
гъапу,15
гъаримаб,15
гъатахине,15
гъугъай,15
гъулбас,15
гьагула,15
гьвегьой,15
гьегь,15
гьединабго,15
гьединлъидал,15
гьекизе,15
гьелдалъун,15
гьецӏокъ,15
гьещтӏезе,15
гьищтӏизе,15
гьохчизе,15
гьулак,15
гӏавусдизе,15
гӏалагъважа,15
гӏаламалъизе,15
гӏаламатаб,15
гӏанчӏлъизе,15
гӏедегӏизабизе,15
гӏинкълъизе,15
гӏицӏлъизе,15
гӏуризе,15
гӏурумухъ,15
даимлъизе,15
дангъура,15
дваргъезе,15
дипломат,15
душ,15
жавабияб,15
загс,15
заместитель,15
заседание,15
звангъезе,15
звархезе,15
зенеро,15
инвалид,15
кабина,15
какичуризе,15
капурго,15
картӏахин,15
картӏахинабизе,15
квадрат,15
квадратияб,15
квачӏид,15
квердаххел,15
кибалиго,15
кинабниги,15
комбинат,15
корреспондент,15
кредит,15
крем,15
куб,15
куртка,15
къавуда,15
къайим,15
къанщезе,15
къапизе,15
къинкӏизе,15
кьекӏкӏел,15
кьужна,15
кьунсрул,15
кӏатӏахӏ,15
кӏванагӏан,15
кӏкӏвай,15
лагь-лагьизе,15
лахӏчӏегӏерлъизе,15
лимхӏизе,15
лозунг,15
лъимерлъи,15
магь,15
малаик,15
матрос,15
мегьед,15
мергу,15
метод,15
мичил,15
нагагьаб,15
наз-наздизе,15
нахӏсаб,15
недегь,15
недегьлъизе,15
определение,15
панз,15
парашют,15
парччахӏ,15
пирамида,15
пицӏцӏ,15
полярияб,15
поэма,15
праздник,15
прокурор,15
пропорция,15
рагьтӏател,15
рагӏаллъи,15
ракӏбазе,15
ракӏбацӏцӏалъизе,15
ракӏрекъезе,15
расписка,15
рахьи,15
рацӏцӏун,15
реактивияб,15
режиссёр,15
ресаб,15
реччеб,15
росаби,15
роччине,15
сарин,15
секунд,15
ставка,15
сунца,15
сурукълъизабизе,15
талихӏалъ,15
тегьизе,15
туйзе,15
туризабизе,15
тут,15
тӏадбосизе,15
тӏасабосизе,15
тӏокӏкӏел,15
уба,15
узел,15
унтарал,15
фашист,15
халалъи,15
хахизабизе,15
хлор,15
хузе,15
хъарцинлъизе,15
хъарчигъа,15
хъегӏдизе,15
хъихъидизе,15
хъундагъ,15
хъухъадизе,15
хьетӏизабизе,15
хӏавагӏеч,15
хӏавуз,15
хӏаллъизе,15
хӏамитӏенкел,15
хӏанчӏ-хӏанчӏизе,15
хӏаракатаб,15
хӏацӏадизе,15
цеберагӏи,15
цӏеха-рехезе,15
цӏинкир,15
цӏицӏидизе,15
цӏулгӏазе,15
цӏурачед,15
цӏутӏизабизе,15
чамгӏаллъизе,15
чапар,15
чапизе,15
чвалчвализе,15
чек,15
чирчидизе,15
чӏам-чӏамизе,15
чӏамучӏлъизе,15
чӏванкъотӏараб,15
чӏемегӏаб,15
чӏоло-квар,15
чӏун-чӏудизе,15
шешкӏезе,15
щинкӏил,15
щулалъи,15
экземпляр,15
ясбер,15
ясли,15
акварель,14
актёр,14
антенна,14
апараг,14
апрель,14
ахакь,14
бакъбаккуда,14
бакъдебусс,14
батальон,14
бати,14
батӏа-батӏаго,14
бахилаб,14
бацӏцӏаризе,14
бежа-белъине,14
березе,14
берчӏвазе,14
бесдалал,14
беэнаб,14
бикъа-хъамизе,14
бикьи,14
бильярд,14
бихӏинабизе,14
булбул,14
бурбутӏи,14
буржуазия,14
вазелин,14
варанихӏинчӏ,14
васвас,14
ватӏанияб,14
витамин,14
газал,14
ганчӏал,14
гарас,14
гвангва,14
гимн,14
гитара,14
граната,14
гугарухъан,14
гудок,14
гуржиба,14
гъалмагъирчи,14
гъара,14
гъастӏа,14
гъвала,14
гъварараб,14
гъварилъизабизе,14
гъенезе,14
гъизине,14
гъоркьиса,14
гьара-гьикъизе,14
гьекӏдизе,14
гьитӏинлъизабизе,14
гьорчо,14
гьункьизе,14
гӏадахъ,14
гӏадхазе,14
гӏажизаб,14
гӏанкӏва,14
гӏарас,14
гӏаркьалаби,14
гӏоно,14
гӏупадизе,14
даллак,14
дандияв,14
даптар,14
дача,14
декрет,14
жигарчилъи,14
журналист,14
жут,14
заведующий,14
загьрулъизе,14
залим,14
зиризе,14
инсаният,14
инспектор,14
ишкал,14
кандидатура,14
канцеляр,14
канчӏбагӏараб,14
капиталистияб,14
карачалахине,14
квартал,14
квачазабизе,14
кверлъин,14
кеплъизе,14
кинотеатр,14
коллегия,14
комплекс,14
кофта,14
кризис,14
критикияб,14
кружка,14
кулак,14
курхьен,14
къагьва,14
къадахъан,14
къанцӏа,14
къаша-рашазе,14
къечезе,14
къиматлъизе,14
къиямасеб,14
къурбанлъизе,14
кьвагь-кьвагьизе,14
кьури,14
кӏинусго,14
кӏиркъизабизе,14
кӏобокӏахъдизе,14
кӏотен,14
кӏочизе,14
лахӏту,14
лол,14
лъехъел,14
лъулъадизе,14
ма,14
макъан,14
макьил,14
маркӏачӏул,14
маска,14
махӏа,14
миллиард,14
миччил,14
мухӏканлъизабизе,14
наиб,14
напакъа,14
натӏ,14
нигӏматаб,14
никель,14
нилъераб,14
ниха,14
ничгьечӏ,14
ният,14
ноцӏахине,14
нухлулав,14
октябрь,14
организатор,14
палиж,14
партӏизе,14
пасатаб,14
педагог,14
перо,14
пещтӏезе,14
пинжак,14
портфель,14
пуланлъизе,14
пулемёт,14
рагь-рагьизе,14
радиоприёмник,14
радиостанция,14
ракӏчӏегӏерлъизе,14
рапорт,14
рахълъен,14
реализм,14
рейд,14
рейс,14
реклама,14
ректор,14
рекъа-решезабизе,14
рекъонккей,14
репетиция,14
риди,14
рос-лъади,14
рохьдочине,14
руда,14
ручка,14
санитарияб,14
сантиметр,14
сантӏаризе,14
сачма,14
сверданхъизе,14
синкъдизе,14
сир,14
соно,14
союзияб,14
сунсудизе,14
сур,14
сурмияб,14
сухари,14
схема,14
счёт,14
табель,14
тай,14
талихӏкъине,14
тамаша,14
танкан,14
турбина,14
туркӏизабизе,14
турхизе,14
тӏвапи,14
тӏехӏинабизе,14
тӏипало,14
тӏокъине,14
тӏурузаб,14
убач,14
ухӏудизе,14
физикияб,14
фонарь,14
ханал,14
хараблъизе,14
хатӏа,14
хважайин,14
хунхизе,14
хъагӏизе,14
хъвагӏадизе,14
хъвал-хъвализе,14
хъетӏезе,14
хъилдизе,14
хъублъи,14
хъухьизе,14
хьадар,14
хьондаллъизе,14
хӏалаллъизе,14
хӏалигъине,14
хӏапу-чапур,14
хӏатӏирухьен,14
хӏихӏидизе,14
чамасдак,14
чангит,14
чехьатӏаде,14
чинари,14
чиновник,14
чолгьоко,14
чудук,14
чӏикӏаризе,14
чӏир-чӏидизе,14
чӏолохъжо,14
чӏукӏна,14
чӏухӏи,14
чӏучӏхӏине,14
шавкъалда,14
шарик,14
шарф,14
шигӏру,14
шинель,14
шифер,14
щибал,14
щомели,14
ядернияб,14
ядро,14
ялгъузаб,14
янгъизлъизе,14
яравул,14
азаргояб,13
айгъир,13
анкета,13
анкьабго,13
арифметика,13
артель,13
артиллерия,13
артистка,13
аслан,13
ахират,13
багаж,13
багӏ,13
бактерия,13
бакъва,13
баллон,13
бахъунчӏезе,13
бахьизабизе,13
бачаризе,13
бащалъизабизе,13
бега-битӏизе,13
бекизабизе,13
белъуд,13
беркъапизе,13
беркӏал,13
берцинлъизабизе,13
бесаризе,13
бецӏбагӏараб,13
бецӏгӏурччинлъизе,13
бецӏлъизабизе,13
бидулав,13
бика,13
билбагӏараб,13
билизабзе,13
билълъанхъизе,13
биология,13
битӏккей,13
бихх-биххизе,13
бищаризе,13
бланк,13
бог,13
богӏоллъи,13
бокс,13
борхизабизе,13
буравгъецӏ,13
бурияб,13
бусурбаби,13
бусурманлъизе,13
бухъардизе,13
бухъизабизе,13
бухь-бухьине,13
бучӏизабизе,13
бюллетень,13
вали,13
васлъизе,13
вахта,13
взвод,13
габанидул,13
гатӏизе,13
гилавка,13
гиш,13
гогьдаризабизе,13
горчица,13
госпиталь,13
гохӏккел,13
грамота,13
графа,13
гугьар,13
гъавгъа,13
гъазават,13
гъалду,13
гъвес,13
гъоркьахӏетӏе,13
гьабудизе,13
гьанкӏезе,13
гьартизе,13
гьединги,13
гьитӏинго,13
гьогьомизабизе,13
гьокочи,13
гьоркьохъан,13
гьудазе,13
гӏаба,13
гӏадхазабизе,13
гӏазухъахӏаб,13
гӏайиб-гъвел,13
гӏайиблъизабизе,13
гӏарзагъине,13
гӏахьаллъи,13
гӏачӏихинаризе,13
гӏедераб,13
гӏиявехь,13
гӏорцӏизабизе,13
гӏуризабизе,13
гӏуркъизе,13
дахӏалаб,13
дежурналъи,13
дергъезе,13
диалект,13
диктант,13
директива,13
диск,13
жавгьар,13
жанитӏамизе,13
жанр,13
жергъен,13
жонсокълъизе,13
залп,13
заседатель,13
звангъизе,13
зигара,13
зулмучи,13
измур,13
индустрия,13
инжир,13
ияхӏ,13
йод,13
каучук,13
квешезе,13
кепек,13
кескал,13
кири,13
классикияб,13
кнопка,13
колония,13
конспект,13
конструктор,13
контроль,13
кооперация,13
къалъуда,13
къасисеб,13
къвали,13
къватӏибчӏвазабизе,13
къелъ,13
къеркьей,13
къокъине,13
къочаризе,13
кьаб-кьабизе,13
кьвагьа-гӏанхъизе,13
кьвагьи,13
кьижи,13
кьураби,13
кӏалкӏучӏ,13
кӏанцӏи,13
кӏаркьаби,13
кӏиборлъизе,13
кӏилъизе,13
кӏкӏукӏкӏазе,13
лалдезе,13
лалу,13
ламартаб,13
лейтенант,13
лицей,13
лотерея,13
лъавукъаб,13
лъагӏараб,13
лъама,13
лъамизе,13
лъукъ-лъукъизе,13
лъутанхъизе,13
лъухъазе,13
магъилъ,13
магӏарзухъан,13
магӏнаяб,13
мадраса,13
мандат,13
маркӏачӏуда,13
мартӏ,13
материализм,13
махщелчи,13
махӏги,13
мачӏад,13
мугъаб,13
мугъзагьод,13
мугьажир,13
мукъсан,13
мущ,13
назукаб,13
накъира,13
насиб,13
насраниял,13
нахъелъугьине,13
нолъ,13
оборлъизе,13
ор,13
орбита,13
отличник,13
оцаб,13
палуба,13
пандур,13
парс,13
пачалъи,13
пачка,13
плантация,13
поликлиника,13
посол,13
преподаватель,13
прививка,13
приёмник,13
пунцӏузе,13
пурщина,13
разбор,13
ракӏ-ракӏалъулаб,13
ракӏбахъизе,13
ракӏбухӏизе,13
ракӏкьвагьизе,13
ракӏпартӏизе,13
ракӏщвезе,13
рахал,13
раца,13
резолюция,13
рекъон,13
рецензия,13
ригьда,13
рогьалилъ,13
рохалида,13
рукьби,13
русби,13
ручун,13
сантӏизе,13
сберкасса,13
сваризе,13
свер-сведизе,13
связь,13
сейф,13
секция,13
сетка,13
сибир,13
сирень,13
скважина,13
скульптор,13
советник,13
суалияб,13
сукӏизабизе,13
сумало,13
сурав,13
талагьизе,13
тамало,13
танг,13
тархъан,13
теркӏезе,13
термометр,13
тирхьизе,13
торт,13
тохал,13
трансформатор,13
тренировка,13
тротуар,13
туберкулёз,13
туннель,13
тӏадеккезе,13
тӏаделъугьине,13
тӏадехунисеб,13
тӏанхилаб,13
тӏасабахъизе,13
тӏасаине,13
тӏасанккезе,13
тӏасанкӏалъазе,13
тӏелех,13
тӏинкӏизабизе,13
тӏубазаби,13
уголовнияб,13
ургъалил,13
ургьисала,13
федерация,13
фосфор,13
фотография,13
хадугӏунтӏизе,13
хамиз,13
характеристика,13
хархадизе,13
хинго,13
хирург,13
хиянатчи,13
холодильник,13
художественнияб,13
хунчӏрул,13
хъахӏлъизабизе,13
хъегӏизе,13
хъибихъизе,13
хъизамал,13
хъур-хъуризе,13
хъутур,13
хьваризе,13
хьил,13
хӏаракаталда,13
хӏасралъизе,13
хӏокӏ,13
хӏораб,13
хӏурмат-хъатир,13
цӏакказе,13
цӏакълъизе,13
цӏацӏазе,13
цӏвак-цӏвакизе,13
цӏецӏ,13
цӏилицӏ,13
цӏутӏел,13
чанцӏулго,13
чаргъедо,13
чергеслъизе,13
четверть,13
чиякълъизе,13
чороклъи,13
ччугӏихъан,13
ччударизе,13
чӏагого,13
чӏалх-чӏалхине,13
чӏама-къамизе,13
чӏандезе,13
чӏахъа,13
чӏегӏерлъизабизе,13
чӏедерлъизе,13
чӏемегӏлъизе,13
чӏинкьизе,13
чӏолорхъо,13
чӏухӏухъан,13
чӏучӏаризе,13
шагь,13
щалниги,13
щибха,13
щокъаб,13
эстрада,13
юргъачу,13
ябу,13
ялгъузлъизе,13
янгъизаб,13
аб и ай,12
абадияб,12
азбука,12
актив,12
алгебра,12
альбом,12
анкьцӏул,12
анцӏилаб,12
астрономия,12
ахта-гудазе,12
ахтазе,12
багӏарлъизабизе,12
бадако,12
баклажан,12
бакъал,12
бакътӏерхьуда,12
бакъулаб,12
бакӏ-бакӏ,12
баланс,12
баржа,12
барщизабизе,12
баскетбол,12
батӏалъи,12
баччаризе,12
бегӏукълъизе,12
бекеризабизе,12
берккезе,12
бесизе,12
бетӏаризе,12
бетӏербахъи,12
беццаб,12
бецӏбагӏарлъизе,12
бецӏцӏаризе,12
беччаризе,12
беччизабизе,12
бикӏа-бишизе,12
билълъанхъизабизе,12
биография,12
биччантезе,12
бичӏизабизе,12
богӏорцо,12
болизе,12
бубудизе,12
будка,12
буругъ,12
бусурман,12
бухъ-бухъизе,12
бухӏ-бухӏизабизе,12
бухӏунхутӏ,12
ветеран,12
взнос,12
водород,12
воржарухъан,12
габурлъи,12
гарнизон,12
гебегизе,12
геология,12
гигиена,12
гугьунбече,12
гургинлъизабизе,12
гуржи,12
гучлъизабизе,12
гъадизе,12
гъалдибер,12
гъарзикълъизе,12
гъарцӏи,12
гъовго,12
гъум,12
гьагъал,12
гьадай,12
гьалаглъи,12
гьалдезабизе,12
гьара-цӏализе,12
гьаракь-бакъан,12
гьарацӏи,12
гьарт-гьартизе,12
гьарщизе,12
гьасул,12
гьедигӏанго,12
гьересиго,12
гьоркьожо,12
гьоркьохъанлъи,12
гьудул-гьалмагъ,12
гьуинлъизабизе,12
гьурщ-гьурщизе,12
гӏакъуба-къварилъи,12
гӏалхуллъизе,12
гӏам,12
гӏамаликълъизе,12
гӏанхва,12
гӏарчӏ,12
гӏатӏгояб,12
гӏашикъ,12
гӏемерлъизабизе,12
гӏолохъан,12
гӏорогине,12
гӏурул,12
гӏуцӏарухъан,12
даб,12
дагьлъи,12
дали,12
даллакнус,12
дард,12
дезинфекция,12
диктатура,12
добаго,12
доверенность,12
долъ,12
есаул,12
жанибго,12
жанибехун,12
жигаралда,12
жинжра,12
жиризе,12
загӏиплъи,12
зайтуналъул,12
закон-къанун,12
зарбу,12
зинкӏкӏизе,12
идеал,12
инкъилаб,12
интервью,12
ихизе,12
канаб,12
кандидатлъи,12
капиталист,12
кидаялиго,12
ккалазе,12
клиника,12
комендант,12
компот,12
компресс,12
кондуктор,12
критик,12
къабуллъизе,12
къади,12
къадруяб,12
къакъадизе,12
къасимех,12
къацандухъан,12
къваригӏараб-тараб,12
къосинабизе,12
къулагӏи,12
къуркъудизе,12
кьандиб,12
кьара,12
кьертӏезе,12
кьижизабизе,12
кьогӏ,12
кьурдул,12
кӏалбазар,12
кӏалкквезе,12
кӏверизе,12
кӏикӏвекьаб,12
кӏичӏархъдизе,12
кӏохӏал,12
кӏущизе,12
кӏущтӏа,12
лабалаб,12
лагӏизабизе,12
лазаталда,12
лализе,12
лектор,12
лифт,12
лъабнусго,12
лъарагӏ,12
лъахъвазе,12
магнитофон,12
магӏна-гӏин,12
макарон,12
макручи,12
мактаб,12
мархӏам,12
маскарад,12
махщалилав,12
махӏцел,12
меседу,12
местӏер,12
механик,12
мокьрогъветӏ,12
мунпагӏатаб,12
муруват,12
напряжение,12
наряд,12
нахъе-цебе,12
некӏогоялдаса,12
нурагъине,12
нухлулав и нухлулай,12
обком,12
облигация,12
огъохъат,12
одеяло,12
ордер,12
орфография,12
паж,12
пакъирлъизе,12
пампа,12
паракъатаб,12
парикмахер,12
паркет,12
партал,12
патент,12
патефон,12
перерыв,12
пилот,12
планёр,12
пластмасса,12
пляж,12
поршень,12
пособие,12
почтальон,12
практикияб,12
президиум,12
пресс,12
причастие,12
пролетариат,12
проректор,12
пуд,12
путёвка,12
рагьазабизе,12
рагьумахӏу,12
рагӏиятчи,12
ракьан,12
ракьукълъизе,12
ракӏбакъвазе,12
ракӏгьахьтӏизе,12
ракӏкъварилъизе,12
ракӏхъублъизе,12
ралъдахъан,12
расчёт,12
ратӏликълъизе,12
рахӏаталда,12
рекомендация,12
ретӏел-хьит,12
рецепт,12
реччел,12
рисалат,12
ритӏухълъи,12
рищни,12
рищни-къул,12
рузман,12
рухӏдакълъизе,12
сани,12
сах-саламат,12
свакай,12
сванхезе,12
сеанс,12
сентябрь,12
сенхезе,12
сержант,12
симил,12
симфония,12
смета,12
советияб,12
спартакиада,12
стадион,12
староста,12
студия,12
сугъур,12
сужда,12
сунтӏур,12
табут,12
талон,12
таможня,12
терек,12
территория,12
техникум,12
топ,12
трос,12
тумбочка,12
тӏадагьлъизабизе,12
тӏадбитӏизе,12
тӏадголъизе,12
тӏадебахъинабизе,12
тӏадежубазе,12
тӏадрекъезе,12
тӏалу,12
тӏалхияб,12
тӏалъи,12
тӏасалъугьине,12
тӏваркъи,12
тӏеметӏи,12
тӏере-гъеренлъизе,12
тӏетӏезе,12
тӏирагъине,12
тӏокӏлъизабизе,12
тӏоноцӏ,12
тӏури,12
ударник,12
узданаб,12
узданлъи,12
универмаг,12
ункъгӏал,12
фашизм,12
фельдшер,12
фольклор,12
хабарияб,12
хадубехъерхъизе,12
хадуса,12
халалъизабизе,12
халаса,12
халип,12
халипа,12
харбал,12
хваниги,12
хирургия,12
хиялияб,12
хурухъан,12
хъалхъан,12
хъанда,12
хъахӏмахх,12
хъачагълъи,12
хъвалсан,12
хъванхъвадизе,12
хъвата,12
хъвахъвадизе,12
хъерщезе,12
хъирис,12
хъичизе,12
хъурща-кӏутӏизе,12
хьвани,12
хьвартӏезе,12
хьин,12
хӏабухӏине,12
хӏебецӏцӏ,12
хӏеж,12
хӏилла-макру,12
цӏахъа-рахъазе,12
цӏвака-гӏатӏизе,12
цӏекӏу,12
цӏодорлъи,12
чанкӏкӏараб,12
ченхъезе,12
чехотка,12
чурхъизе,12
чухьизе,12
ччоборлъизе,12
чӏваркьизаризе,12
чӏорахине,12
шкап,12
шлюз,12
шрифт,12
щвантӏих,12
щуризе,12
экспертиза,12
юкъарухъан,12
ягъзинаб,12
ягъзинлъизе,12
ярагъ-матахӏ,12
яризабизе,12
ятимлъизе,12
яцгӏал,12
абги,11
абзац,11
агълъизабизе,11
адабгьечӏ,11
аккумулятор,11
акция,11
аллагьасхӏа,11
анатомия,11
анлъабго,11
анлъабилеб,11
ансамбль,11
асирлъи,11
ассистент,11
ахихъанлъи,11
багӏрагине,11
бакъанида,11
бакълъи,11
балики,11
бандав,11
баркатаб,11
басандизабизе,11
батӏаргьин,11
бахьинлъизе,11
бегӏер,11
бегӏукълъизабизе,11
бергьин,11
беркъазе,11
бецӏсурмалъизе,11
бецӏхъахӏиллъизе,11
бецӏцӏахӏиллъизе,11
бечелъизабизе,11
бигъинабизе,11
битӏи,11
бихьинбече,11
бича-хиси,11
богорукъ,11
борцаризе,11
борщ,11
бохьаризе,11
боцӏухъан,11
бугьналага,11
будун,11
букварь,11
букӏкӏуркӏахъдизе,11
булагьин,11
бутӏизе,11
буфет,11
буххаризе,11
бухӏаризе,11
буцӏаризе,11
буцӏцӏинабизе,11
бюджет,11
бюрократ,11
бюрократизм,11
вакьад,11
вахьна,11
гараж,11
гвенега,11
гебегизабизе,11
гелгедизе,11
генугъветӏ,11
гергеч,11
геризе,11
гражданин,11
гулгун,11
гунзари,11
гура-суризе,11
гъазихъ,11
гъалгъализе,11
гъаран,11
гъатахинабизе,11
гъвари,11
гъерлъезе,11
гъугъаб,11
гьадал,11
гьакӏкӏадизе,11
гьалбал,11
гьанта,11
гьардухъанлъи,11
гьацаб,11
гьелго,11
гьесадизе,11
гьикъа-бакъизе,11
гьогьлъизабизе,11
гьодимокъ,11
гьодори,11
гьоро-годозе,11
гьудул-гьалмагълъи,11
гӏагарлъизабизе,11
гӏарадачи,11
гӏаршун,11
гӏери,11
гӏисинпихъ,11
гӏобилаб,11
гӏодобегӏанлъизабизе,11
гӏодоблъи,11
гӏунтӏи,11
давагьин,11
дандхъвазе,11
дармил,11
дванки,11
демонстрация,11
десант,11
дие,11
диктор,11
дираб,11
додинаб,11
доска,11
духи,11
дуэль,11
европаялъулаб,11
жагъалаб,11
жан,11
женкезе,11
жини,11
жиржидизе,11
жугьутӏай,11
забор,11
завалаб,11
завхоз,11
замазка,11
запятая,11
застава,11
захӏматчи,11
заём,11
звар-звари,11
зоология,11
зутӏизе,11
инабизе,11
инсанлъи,11
инструктор,11
искусственнияб,11
йичарухъан,11
кагъатгӏарац,11
канчӏхъахӏиллъизе,11
кап,11
капурлъизе,11
караван,11
карамат,11
кверкъел,11
кеке,11
киоск,11
кишмиш,11
клеёнка,11
колхозчи,11
комментатор,11
компания,11
композитор,11
комсомол,11
конвейер,11
континент,11
контракт,11
контролияб,11
корректура,11
коцокъаб,11
кочӏолаб,11
кресло,11
кулум,11
кулъун,11
кунчӏизабизе,11
курьер,11
къабукъине,11
къайицадахъ,11
къанунияб,11
къанцӏцӏузе,11
къапезаризе,11
къвалаб,11
къвар-къваризе,11
къедабигъ,11
къентӏури,11
къеркьохъан,11
къуваталда,11
кьа-кьадизе,11
кьара-гъаралъизе,11
кьвагӏхизе,11
кьох,11
кӏалгьикъизе,11
кӏанцӏ-кӏанцӏизе,11
кӏварщ,11
кӏвахӏал,11
кӏибикӏахъдизабизе,11
кӏилъизабизе,11
кӏихӏиборлъизе,11
кӏохӏаллъизе,11
лайикъаб,11
лахӏчӏегӏераб,11
лъабиде,11
лъалхъи,11
лъамамесед,11
лъарагӏлъи,11
лъвартӏизабизе,11
лъен,11
лъехьезе,11
магазин,11
магъ,11
майор,11
маршрут,11
маслигӏат,11
мастер,11
меседилаб,11
милк,11
минатахъ,11
митинг,11
могьолаб,11
мороженое,11
мунагьаб,11
мунапикълъизе,11
мурадияб,11
мухӏур,11
нагагьлъун,11
нагӏадала,11
назму,11
назру,11
наркотик,11
насаб,11
натӏухӏ,11
нахъбахъи,11
нахъбилълъинабизе,11
нахъецӏазе,11
никӏкӏ,11
нич-намус,11
ничаб,11
ноябрь,11
нукар,11
нухарегӏизе,11
оборот,11
оборудование,11
окоп,11
оратор,11
отзыв,11
оцхӏутӏ,11
паракъат,11
паркъ,11
пасихӏ,11
педагогика,11
пианино,11
питначи,11
пленум,11
подлежащее,11
посольство,11
приз,11
прицеп,11
пропагандист,11
прописка,11
прораб,11
профессионалияб,11
профилактика,11
процедура,11
ражипер,11
ражихо,11
ракӏбохизе,11
ракӏкьватӏизе,11
ракӏхӏалуцине,11
расписание,11
расукӏ,11
рахараб-къараб,11
рационализатор,11
редакция,11
резинка,11
рекӏ-рекӏине,11
ресукъаб,11
ригьдаго,11
рихьахӏине,11
роц,11
руссен,11
саву,11
сандирахълъизе,11
сап,11
сборник,11
сванхизе,11
свитер,11
сентӏезе,11
сигарет,11
сигри,11
синоним,11
сипатияб,11
сироп,11
скамейка,11
следствие,11
снаряд,11
согӏахине,11
союзник,11
спортзал,11
старт,11
стачка,11
студентка,11
сура,11
сурукъ,11
счётчик,11
тайпадулаб,11
тактика,11
такъсирчилъи,11
талавурчи,11
талат,11
тариф,11
тачка,11
тебси,11
тренер,11
тула,11
тумал,11
тӏавагьине,11
тӏагь,11
тӏадгьабизе,11
тӏадегӏунтӏизе,11
тӏалакъверкъ,11
тӏарцӏаб,11
тӏасабихьизабизе,11
тӏасабихьизе,11
тӏасабосизабизе,11
тӏахьтӏи,11
тӏвар-тӏвари,11
тӏенкел,11
тӏеп-тӏепизе,11
тӏерхъезе,11
тӏирагъинабизе,11
тӏокӏалъ,11
тӏонтӏро,11
тӏулакьераб,11
тӏурахъдизе,11
углерод,11
узухъда,11
указ,11
украинал,11
улъизе,11
ункъцӏул,11
уравнение,11
ургъел-агъаз,11
учебник,11
фермер,11
фестиваль,11
фокус,11
функция,11
хадубехъерхъизабизе,11
халват,11
халпаб,11
хапдезе,11
хапезе,11
хвелех,11
хокӏи,11
хочӏ,11
хух,11
хъабан,11
хъамалчи,11
хъахӏба,11
хъахӏхоно,11
хъачагъаб,11
хъваша-рашазе,11
хъинцӏи,11
хъитӏизе,11
хъощ,11
хъуба,11
хъугъузе,11
хъуризабизе,11
хъурумсахъ,11
хъухъ,11
хьалбал,11
хьацӏазе,11
хьвазабизе,11
хьонлъи,11
хьухьазе,11
хьуцӏихӏинчӏ,11
хӏакъикъаталдаги,11
хӏанчӏезе,11
хӏебтӏизе,11
хӏенехӏ,11
хӏикматго,11
хӏинкъадго,11
цебетел,11
цодагьалъ,11
цокӏалго,11
ццидахун,11
цӏараки,11
цӏину,11
цӏогьал,11
цӏунцӏрахине,11
цӏуяй,11
чалма,11
чашка,11
чвархъезабизе,11
чвахдезе,11
ченгел,11
чехьбухӏизе,11
чинхъизе,11
чобочине,11
чордезе,11
чорхокълъизе,11
чунчудизе,11
чухӏаб,11
ччуйзе,11
ччукӏаризе,11
чӏалгӏаризе,11
чӏамизабизе,11
чӏамучӏ,11
чӏанкӏизе,11
чӏверизе,11
чӏеп,11
чӏетӏ,11
чӏинкъизе,11
чӏунхутӏи,11
шагьид,11
шарбал,11
шах,11
шпион,11
штукатурка,11
щайха,11
щакърахине,11
щал,11
щунусго,11
щурункъверкъ,11
щуща-хъухъазе,11
эксперт,11
экспонат,11
экспорт,11
экспресс,11
эменлъизе,11
эхе-эхеде,11
ээдизе,11
юбиляр,11
юргъа,11
юрист,11
ябучу,11
январь,11
янгъизлъи,11
август,10
авиациялъулаб,10
автономияб,10
авторлъи,10
авторучка,10
агентство,10
агитатор,10
аграрияб,10
агъаб,10
алапа,10
алимент,10
аллегорияб,10
алюмин,10
арбагӏ,10
архитектор,10
атлас,10
аттестат,10
аттестация,10
ахцазе,10
ачихълъизе,10
багъарахъдизе,10
багьадурлъи,10
байбихьи,10
байрахъулав,10
бакъалтукен,10
балай,10
балугъаб,10
барас,10
баркаман,10
барометр,10
батрак,10
бахинегӏан,10
бахча-хьвазе,10
бахӏазе,10
башмакъ,10
баянлъизабизе,10
бегӏукъ,10
бергьун,10
бесдалав,10
бетарахь,10
бидон,10
бидукълъизе,10
бизараб,10
бикьа-биххизе,10
бикьа-бишизе,10
билта,10
бицалъизабизе,10
боголикак,10
борт-бортизе,10
борхалъи,10
бригадир,10
бриллиант,10
букъа-бутӏизе,10
бухаритӏагъур,10
буцрахъарщи,10
вай,10
вархьизабизе,10
вахӏю,10
вичарухъан,10
гамачӏлъизе,10
гарахине,10
гарж-гаржине,10
гачигвенд,10
гванзаб,10
гимназия,10
гиригара,10
гогь,10
гогьдари,10
гохӏахараб,10
граждан,10
гурелъул,10
гурхӏи,10
гъадитӏинчӏ,10
гъанчдезе,10
гъваниллъизе,10
гъванки,10
гъигъидизе,10
гъизараб,10
гъойго,10
гъосогъеду,10
гъугълъизе,10
гъуждул,10
гъулизе,10
гъуцӏизаризе,10
гьабудухъан,10
гьагъаба,10
гьадигъветӏ,10
гьайбалъизе,10
гьанга,10
гьегӏизе,10
гьедаризе,10
гьелгӏезе,10
гьимгьидизе,10
гьитӏинкӏаб,10
гьохъ,10
гьудулав,10
гьункьа-кӏучизе,10
гӏагарун,10
гӏадалтӏа,10
гӏаданиб,10
гӏадил,10
гӏажаиблъи,10
гӏалхулаб,10
гӏамалкӏодолъизе,10
гӏаммлъизе,10
гӏанкӏуязул,10
гӏансахӏинчӏ,10
гӏант,10
гӏаркьахараб,10
гӏатӏлас,10
гӏачӏихине,10
гӏашикъаб,10
гӏеблъизабизе,10
гӏеккезе,10
гӏехьеллъизе,10
гӏинзукълъизе,10
гӏиялъажо,10
гӏода-чӏвадизе,10
гӏодочӏвазе,10
гӏолохъанлъи,10
гӏурулхоно,10
гӏурччинхер,10
дангъва,10
дандеккезабизе,10
данделъизабизе,10
дандерижи,10
дарулъизе,10
даци,10
декабрь,10
декада,10
декан,10
делегация,10
дирижёр,10
добцояб,10
докладчи,10
долда,10
донг,10
дугъдараб,10
дума,10
жагьиллъи,10
жайран,10
жамгӏ,10
жанибчванта,10
завал,10
зазахине,10
заявка,10
зумруд,10
зурмихъан,10
зухзазе,10
идеологияб,10
инсухъачи,10
иргадал,10
исрап,10
ихтилат,10
ихтилатаб,10
иццухъ,10
какдезе,10
калима,10
ками,10
канлъукълъизе,10
кантӏи,10
канчӏбагӏарлъизе,10
карантин,10
картӏахине,10
кассир,10
кванил,10
квархьи,10
кватӏаризе,10
квен-тӏех,10
кверкъи,10
кколе-кколелъубе,10
классик,10
код,10
кодекс,10
колледж,10
командование,10
коммунист,10
комод,10
конгресс,10
консул,10
консультант,10
кооператив,10
коп,10
коцокълъизе,10
кулон,10
кумурук,10
купе,10
къабулаб,10
къавутӏа,10
къалъул,10
къаникь,10
къартӏ,10
къел,10
къол,10
къоркъотӏинчӏ,10
кьаба-тункизе,10
кьабгӏизе,10
кьурди,10
кӏал-бер,10
кӏалдирай,10
кӏиазарго,10
кӏиго-лъабго,10
кӏигьумерав,10
кӏобо-шобошизабизе,10
кӏобо-шобошизе,10
кӏодоч,10
кӏоркӏоно,10
кӏоченабизе,10
лагӏдезе,10
лайикълъизе,10
ламартлъи,10
лауреат,10
лирикияб,10
лулазе,10
лъабкъого,10
лъай-гӏакълу,10
лъалкӏачинабизе,10
лъалхъизабизе,10
лъарагӏал,10
лъаргӏиб,10
лъеде-гъедерлъизе,10
лъини,10
лъовго,10
лъой,10
лъороб,10
лъухъаб,10
магьи,10
магӏикаратӏ,10
мадугьаллъи,10
макари,10
макирлъизе,10
макърал,10
малълъаризе,10
марш,10
маслахӏат,10
масс,10
материя,10
махигъветӏ,10
махӏтӏачине,10
машгъул,10
машгъулаб,10
маятник,10
мегӏер-гӏалах,10
метералде,10
мехтел,10
мигьир,10
милиционер,10
минералияб,10
михъ-мегеж,10
мугӏжизат,10
мукӏураб,10
нажас,10
найитӏала,10
найихъан,10
найихъанлъи,10
намусгьечӏ,10
нартав,10
нахучирахъ,10
нахъарукъ,10
нежехӏлъизе,10
нухбитӏизе,10
обзор,10
объектив,10
оккупация,10
олимпиада,10
открытка,10
отставка,10
павильон,10
папка,10
парторг,10
пасха,10
паёк,10
пенхъезе,10
пинхъизе,10
пишачи,10
повар,10
покрышка,10
полиграфия,10
политик,10
препарат,10
проза,10
прокуратура,10
протестант,10
профком,10
психолог,10
пунцӏеро,10
пурман,10
пушхъа,10
радиус,10
размер,10
райком,10
ракӏгъанцӏизабизе,10
ракӏгъанцӏизе,10
ракӏгъезабизе,10
ракӏкъазе,10
ракӏхӏалакине,10
ралъдалгьве,10
рахчирукъ,10
рачелкъай,10
ревизор,10
релълъенлъи,10
репортёр,10
рескъотӏи,10
реставрация,10
рефлекс,10
рецизе,10
рикъзи,10
рицӏцӏимахӏу,10
рогӏел,10
рокьул,10
росурагӏалда,10
рохьдохъан,10
рохьихъан,10
ругьунлъи,10
рукъумухъ,10
рукӏниб,10
рухӏдаллъизе,10
рущен,10
сапарчи,10
сасу,10
сатирикияб,10
сахаватаб,10
сверункъазе,10
свод,10
сезе,10
сенатор,10
символ,10
скульптурияб,10
следователь,10
слёт,10
сонисеб,10
социалист,10
справочник,10
станица,10
суйи,10
суматӏагъур,10
сюжет,10
тайга,10
такса,10
такъия,10
талавур,10
талавурчилъи,10
талган,10
тамада,10
тамашалъи,10
танкизабизе,10
тасамахӏаб,10
тахбакӏ,10
терет,10
технолог,10
технология,10
тириго,10
трагедия,10
трафарет,10
трест,10
трибунал,10
тударизе,10
тукаби,10
тунка-гӏусизе,10
тунки,10
турбаза,10
тушбаби,10
тӏабакӏ,10
тӏагӏат,10
тӏадбахъине,10
тӏадгьобо,10
тӏадеине,10
тӏадещвезе,10
тӏадсверизе,10
тӏалхи,10
тӏанчӏи,10
тӏекълъи,10
тӏепизе,10
тӏирщ,10
тӏогьаб,10
тӏокӏцӏар,10
тӏубараб,10
тӏул-ракӏ,10
тӏупан,10
тӏутӏаб,10
уезд,10
указатель,10
уммат,10
ункъбукӏкӏинабизе,10
физкультура,10
филолог,10
филология,10
философ,10
фильтр,10
формалияб,10
фуражка,10
хадугъезе,10
хадулъугьине,10
хара,10
хашго,10
хашхаштӏегь,10
хваши,10
хияналъи,10
хоноборохь,10
хоро,10
хундуз,10
хунтӏ-хунтӏизе,10
хунтӏизабизе,10
хурхудизе,10
хутӏа-кӏучизе,10
хутӏизегӏан,10
хъанхъра,10
хъапустӏа,10
хъасдезе,10
хъатамасан,10
хъвай-цӏали,10
хъваши,10
хъвек,10
хъетизе,10
хъинс,10
хъиру,10
хъуру,10
хьвадизабизе,10
хьордокъвачӏа,10
хӏабухӏинабизе,10
хӏадис,10
хӏажатхана,10
хӏакълъизе,10
хӏалива,10
хӏарамлъизе,10
хӏачазе,10
хӏая,10
хӏекка-шеккине,10
хӏерчч,10
хӏехьмахӏаб,10
хӏутӏ-хъумур,10
хӏухьтӏизе,10
хӏуцӏ,10
цебе-нахъе,10
цинга,10
цойилаб,10
цӏалкӏугьод,10
цӏалунчи,10
цӏанбитӏун,10
цӏахӏиллъизе,10
цӏерхӏезе,10
цӏурахинкӏ,10
чвализе,10
чоргине,10
чордезабизе,10
чорхокъаб,10
чукъа,10
чункъизе,10
чухӏчухӏизе,10
чӏваркь-чӏваркьи,10
чӏобозабизе,10
чӏорбутӏ,10
шефлъи,10
шириш,10
шитил,10
шпал,10
штемпель,10
щаклъи,10
щакъитӏел,10
щулат,10
щуцӏул,10
экскаватор,10
электровоз,10
электростанция,10
эпидемия,10
этикетка,10
эхетизабизе,10
юмор,10
юридическияб,10
юстиция,10
явлухъ,10
яслъи,10
ятим,10
ячарай,10
ячӏу,10
абго,9
адмирал,9
азбар-къоно,9
акация,9
акционер,9
алип,9
анкьгояб,9
анлъилаб,9
анцӏазарго,9
артезиан,9
архитектура,9
архитектурияб,9
асхӏаб,9
ахиризе,9
ахтаяб,9
бабадизабизе,9
багъа-бакаризе,9
багъа-бачари,9
багъарахъдизабизе,9
багъаргъизе,9
багӏа-бакарлъизе,9
багӏархоно,9
бадибигъ,9
бажари,9
базалияб,9
байгъуш,9
бакь-кӏач,9
бакьулъбакӏ,9
бакӏари,9
бакӏаризабизе,9
бакӏлъизабизе,9
баракат,9
барки,9
баррикада,9
барсизабизе,9
бас-басине,9
басралъи,9
бахьинкьегӏер,9
бац,9
бацӏцӏалъизабизе,9
беги,9
белуга,9
белъинабизе,9
бербазе,9
бессизабизе,9
бетӏерчӏахъад,9
беццлъизе,9
бецӏизабизе,9
бидаяб,9
бидулаб,9
бижи,9
бикь-бикьизабизе,9
битӏккунгутӏи,9
бихха-хочизабизе,9
бихъаризе,9
бихьинлъи,9
бихьинхӏама,9
бихьинчияб,9
бицаризе,9
бичч-бакъ,9
блокнот,9
божизабизе,9
боз,9
бокал,9
бокьарабахъ,9
бокьизабизе,9
болнух,9
болозан,9
болъонитӏинчӏ,9
боржанхъизе,9
боржинабизе,9
борхалъизабизе,9
борхи,9
борхьитӏинчӏ,9
брезент,9
брошюра,9
бугьтанчи,9
бухари,9
бухгалтер,9
бухьин,9
буцӏцӏухӏун,9
вакъпу,9
векерухъан,9
верст,9
витӏунчи,9
ворчӏами,9
габанихьон,9
газаргъо,9
гаржине,9
гаризе,9
гарнитур,9
гарцӏахине,9
гвала,9
гектар,9
геолог,9
гиргидизабизе,9
глушитель,9
гогьлъи,9
гол,9
гора-горахине,9
горсвери,9
гочарулеб,9
гражданал,9
гулби,9
гурхӏел-цӏоб,9
гурхӏизабизе,9
гурцӏаб,9
гъабугъине,9
гъансито,9
гъарачи,9
гъвалаяб,9
гъванкан,9
гъобеле,9
гъоркьагьури,9
гъоркьарокъоб,9
гъоркьгьобо,9
гъоркьчӏвай,9
гъугълъизабизе,9
гъунуб,9
гьаб-доб,9
гьабигьан,9
гьабугьин,9
гьаг,9
гьагъав,9
гьанжесала,9
гьаргьадизабизе,9
гьаржа,9
гьаркьикъаб,9
гьезул,9
гьелгьел,9
гьерщезе,9
гьесизабизе,9
гьещтӏеро,9
гьикъаризе,9
гьогьлъизе,9
гьуин,9
гьуинмахӏ,9
гьунарчи,9
гӏаврат,9
гӏагализе,9
гӏагӏазе,9
гӏадатлъизабизе,9
гӏадилаб,9
гӏажаиблъизабизе,9
гӏамгӏара,9
гӏанаби,9
гӏангур,9
гӏанкӏитӏинчӏ,9
гӏанчӏаб,9
гӏарцукълъизе,9
гӏахьучӏ,9
гӏачӏар,9
гӏелегӏ,9
гӏертел,9
гӏид,9
гӏиндамес,9
гӏицӏлъизабизе,9
гӏодосанго,9
гӏодоцараб,9
гӏомо-горо,9
гӏондокь,9
гӏоркӏкӏен,9
гӏорцӏи,9
гӏундул,9
гӏуп,9
гӏурусав,9
гӏухьби,9
гӏуцӏа-кӏутӏизе,9
дагьа-макъабго,9
дад,9
далдализе,9
депо,9
диаметр,9
диванбег,9
дневник,9
додин,9
донор,9
дурц,9
египеталъулаб,9
жахӏабго,9
жахӏдалъизе,9
жваргъезе,9
жулам,9
жумла,9
журкъизе,9
загьирлъизабизе,9
зачёт,9
звено,9
землемер,9
зирхизе,9
игӏлан,9
идеолог,9
изолятор,9
император,9
империалист,9
ингилис,9
инспекция,9
итаркӏо,9
итни,9
ици,9
июль,9
кабардиял,9
кавычкаби,9
казахал,9
календарияб,9
калий,9
канчӏгӏурччинлъизе,9
канчӏсурмияб,9
канчӏтӏогьилаб,9
карант,9
каюта,9
квана-гъаназе,9
кваникълъизе,9
кваранидехун,9
кващизе,9
квергӏатӏилъизе,9
квитанция,9
кибеялиго,9
кинигин,9
клей,9
комбинация,9
коммутатор,9
компас,9
контрабанда,9
коньяк,9
коридор,9
корректор,9
космонавт,9
кроссворд,9
кузов,9
курсант,9
кутурлъизе,9
къалал,9
къамартӏ,9
къамартӏаб,9
къапила,9
къаппа-саппизе,9
къарарлъизе,9
къаргӏа,9
къарну,9
къварилъизабизе,9
къваркьизе,9
къватӏи-рокъоб,9
къебелъухъ,9
къенкӏезе,9
къечхьазе,9
къибла,9
къикъидизе,9
къисматаб,9
къоролав,9
къотен,9
къули,9
къунтӏлъизе,9
кьабезабизе,9
кьаллъизе,9
кьан,9
кьвах-кьвахи,9
кьерилал,9
кьодукь,9
кьолбол,9
кӏалбиччазе,9
кӏалбухьине,9
кӏалкъазе,9
кӏалъавукълъизе,9
кӏанкӏич,9
кӏигъатаб,9
кӏиликӏичӏ,9
кӏкӏвелизе,9
кӏогӏоро,9
кӏодолъи-гьитӏинлъи,9
кӏож,9
кӏотинабизе,9
кӏутӏа-сутӏизе,9
лабаллъуда,9
лагли,9
либералияб,9
лингвист,9
лицензия,9
логарифм,9
логикияб,9
лъабгӏин,9
лъабил,9
лъале-хъвалеб,9
лъебералда,9
лъобеле,9
лъутарав,9
лъутизабизе,9
лъухьардизе,9
магӏарзукъалал,9
мажникӏ,9
мама,9
манарша,9
мандарин,9
марксизм,9
маршал,9
матч,9
маххукъебед,9
махӏбахъине,9
мачӏ,9
мачӏлъизе,9
меседилкьераб,9
метерисеб,9
механиклъизабизе,9
мими,9
минара,9
мисрихвалчен,9
можкӏкӏизе,9
морж,9
мугьазе,9
мугӏалимлъи,9
мукӏучӏи,9
мунапикъ,9
назук,9
налбек,9
намуслъи,9
нартичирахъ,9
насиблъизе,9
наслъизе,9
натуралист,9
нахъияб,9
нахъсверизе,9
нахъчӏезе,9
немцал,9
неца,9
нижераб,9
нотариалияб,9
нотариус,9
ноябралда,9
нужераб,9
нужумтӏехь,9
нухрагӏункӏкӏ,9
окись,9
оппозиция,9
оппонент,9
очередь,9
палихъан,9
параграф,9
парикмахерская,9
парник,9
парсцӏулакьо,9
парта,9
партком,9
пасалъизабизе,9
паста,9
пахруго,9
педаль,9
пент,9
пергамент,9
перхезе,9
пинкь,9
пицӏцӏхӏазе,9
плакат,9
плацкарта,9
повестка,9
подполковник,9
попугай,9
примус,9
провинция,9
прогресс,9
прожектор,9
производственнияб,9
пулав,9
пунщизе,9
радакь,9
радиограмма,9
радиотехник,9
радист,9
ракъдал,9
ракъикквезе,9
ракьа-кӏача,9
ракьуборохь,9
ракьхъен,9
ракӏбагъаризе,9
ракӏбахиллъизе,9
ракӏчӏвазе,9
ракӏчӏухӏизе,9
рахъниб,9
ревизионизм,9
регел,9
регламент,9
рельеф,9
репертуар,9
репетитор,9
репортаж,9
рефлектор,9
рехи,9
рецензент,9
ригьнакӏо,9
ризлъизабизе,9
риторика,9
ритӏел,9
рицӏцӏигъветӏ,9
розетка,9
росониб,9
рохьдол,9
рохьихӏинчӏ,9
ругьунлъизабизе,9
руруй,9
руссниб,9
санкция,9
сантехник,9
сардар,9
сбор,9
сварщик,9
сводка,9
связист,9
сейм,9
секкезе,9
сектор,9
сема-къемизе,9
симметрия,9
синтаксисияб,9
синтез,9
сихӏир,9
сихӏручи,9
сноска,9
собо-годозе,9
сороди,9
составияб,9
соус,9
социал-демократ,9
ссан,9
ссуризабизе,9
статистика,9
сторож,9
стратегияб,9
субъект,9
сулахъ,9
сурма,9
сурпа,9
сурхизе,9
сусизе,9
счетовод,9
тайм,9
такъсирияв,9
тантрахъаб,9
тарбиячи,9
творчествоялъулаб,9
тезис,9
тематикияб,9
теорема,9
терапевт,9
терхезе,9
техник,9
тилмач,9
тира-сверизабизе,9
тирха-кӏичизе,9
тирхизабизе,9
тирщун,9
тукенчи,9
тумен,9
туркӏ-туркӏизе,9
туснахърукъ,9
тушай,9
тушманлъи,9
тӏабгӏ,9
тӏадбелъанхъизе,9
тӏадбухьине,9
тӏаде-гъоркье,9
тӏадеахӏизе,9
тӏадебахъине,9
тӏадегуризе,9
тӏадежоялъе,9
тӏадкквезе,9
тӏадрекъезабизе,9
тӏадсверизабизе,9
тӏадчилъи,9
тӏаждагӏаг,9
тӏалиб,9
тӏарап,9
тӏасагъоркье,9
тӏехӏа-кӏкӏвелизе,9
тӏирщизабизе,9
тӏубай,9
угъраш,9
ужра,9
ультиматум,9
умывальник,9
ункъачо,9
ункъбукӏон,9
учительлъи,9
февраль,9
фельетон,9
феодалияб,9
финал,9
формула,9
формулировка,9
форум,9
фотограф,9
фрегат,9
фронтовик,9
фургон,9
хадурегӏел,9
хайгин,9
хамаб,9
хамут,9
хатӏалъизе,9
хашхаш,9
хведер,9
хинкӏбахъ,9
хир,9
хиса-свери,9
христианав,9
хулиган,9
хурма,9
хурухъанлъи,9
хъабщизе,9
хъандаяб,9
хъандиро,9
хъаркӏаслъизе,9
хъархъал,9
хъахӏмикки,9
хъачӏлъизабизе,9
хъвагӏдезе,9
хъвалхьен,9
хъегъезе,9
хъентӏезабизе,9
хъепхӏизе,9
хъергъу,9
хъулухъчӏужу,9
хъурщи,9
хъухӏудизе,9
хьабалухъагӏучӏ,9
хьадарлъизабизе,9
хьвархьвадизе,9
хьверд,9
хьитирухьен,9
хьулхьудизе,9
хьухьазабизе,9
хӏалагӏус,9
хӏалал,9
хӏалалаб,9
хӏаликълъизе,9
хӏаллъазе,9
хӏалцазе,9
хӏанкӏвара,9
хӏанчӏитӏинчӏ,9
хӏатӏихинкӏ,9
хӏиллачилъи,9
хӏинкъуч,9
хӏичи,9
хӏоржо,9
хӏункизе,9
хӏункъдизе,9
цадахъчи,9
цакьу,9
цанлъара,9
цедер,9
церекъад,9
цинагӏал,9
цудунаб,9
цӏадалаб,9
цӏаха,9
цӏекӏлъизабизе,9
цӏехолдизе,9
цӏигьан,9
цӏикӏкӏел,9
цӏир-цӏидизе,9
чадикълъизе,9
чачанал,9
чергес,9
чергесаб,9
чехол,9
чилъи,9
чиризе,9
чиякӏо,9
чухтӏу,9
чуч,9
чуча-хъухъазе,9
чуча-хъухъизе,9
ччохӏокълъизе,9
ччугӏагъецӏ,9
ччугӏихъанлъи,9
чӏандеро,9
чӏанкӏа,9
чӏегӏерхӏинчӏ,9
чӏедерлъизабизе,9
чӏенкьезе,9
чӏимичӏ,9
чӏиргъи-хъуй,9
чӏокӏен,9
чӏуркан,9
чӏчӏвад,9
шагьбулут,9
шагьват,9
шагьра,9
шигӏрияб,9
штанга,9
шукру,9
щамат,9
щуйил,9
щуйилаб,9
экспедитор,9
экспозиция,9
эра,9
этика,9
ягъзин,9
язихъ,9
якорь,9
ялгъуз,9
январалда,9
ясикӏаби,9
яхта,9
абажур,8
авалияб,8
автограф,8
автоматчи,8
агрегат,8
ада,8
азинабизе,8
академик,8
аккордеон,8
акула,8
алхинчӏого,8
алхӏам,8
альпинист,8
амбулатория,8
американал,8
амнистия,8
анатомиялъулаб,8
анибехун,8
анкьилаб,8
анлъцӏул,8
анцӏабго,8
аргъанчи,8
археолог,8
ахир-къадги,8
ачихъаб,8
аэродром,8
аят,8
багажник,8
багъизабизе,8
багь-багьизабизе,8
багӏарбакъ,8
багӏарлъи,8
багӏра,8
бадаризе,8
байт,8
байтулман,8
бакари,8
бакъ-моцӏ,8
бакъва-гадазабизе,8
бакъва-гадазе,8
бакьулъкилищ,8
балалайка,8
баллада,8
банан,8
банкет,8
барон,8
бата-батараб,8
батӏулаб,8
бахчатӏегь,8
бахьикъосине,8
бахьинхӏинчӏ,8
бацӏцӏа-бакине,8
бацӏцӏалъи,8
бача,8
баш,8
башлихъ,8
баща-бакъалъизабизе,8
белтал,8
берзабухъдизе,8
бесдалтӏегь,8
бехъерхъизабизе,8
бецӏхъахӏилаб,8
бечӏчӏаризе,8
библиографиялъул,8
бигьагьабун,8
бикьа-биххизабизе,8
биолог,8
биххи,8
бихьа-рагӏизе,8
бицардизе,8
бичи,8
бодулав,8
боксёр,8
бокьаралъуб,8
болхьаг,8
боргьинабизе,8
босизабизе,8
ботаник,8
ботаника,8
ботаникияб,8
бохбухьине,8
боцӏи-рикъзи,8
боцӏухъанлъи,8
бошлъизе,8
букъардизе,8
бульвар,8
бунтчи,8
буртӏин,8
бурукь,8
бурутӏдегӏен,8
бусса-сверизе,8
бусурманаб,8
буханка,8
бухӏумахӏ,8
вагӏза-насихӏат,8
вакъия,8
варислъизе,8
вацлъи,8
венгриял,8
ветеринар,8
веццарухъан,8
вилаят,8
ворчӏухъан,8
габани,8
габаниквар,8
габардин,8
гавур,8
гагусагӏат,8
галгъазе,8
ганщибече,8
ганщигӏака,8
гаргадухъан,8
гачигамачӏ,8
гвагӏ-гвагӏизе,8
гвадач,8
гвангъи,8
генератор,8
географ,8
геодезист,8
геодезия,8
герело,8
герцог,8
гиби,8
гибрид,8
гимнаст,8
гипноз,8
гипотеза,8
гирицӏ,8
гогаман,8
гомоглъи,8
гонорар,8
горен,8
гормендо,8
гочарухъан,8
гражданлъи,8
грекквартӏа,8
гулирохьен,8
гулла-хер,8
гумпара,8
гунгуни,8
гурхӏулев,8
гучук,8
гъабугъинабизе,8
гъагъай,8
гъажазубетӏер,8
гъазал,8
гъало,8
гъалохӏинчӏ,8
гъанча-кӏатӏизе,8
гъаплан,8
гъарзикъаб,8
гъари,8
гъвар-гъвадизе,8
гъварилъи,8
гъвегъизе,8
гъизинабизе,8
гъобаго,8
гъоркьанго,8
гъоркьсияб,8
гъорлъбосизе,8
гъотӏоркӏо,8
гъугълъи,8
гъуймурлъизе,8
гьабудизабизе,8
гьагӏдезе,8
гьагӏизе,8
гьакигӏер,8
гьакихӏос,8
гьанщизе,8
гьардарав,8
гьардухъ,8
гьаржакӏо,8
гьаркьагъине,8
гьац,8
гьацлъизабизе,8
гьебеле,8
гьебмехалъ,8
гьебсагӏат,8
гьелегьине,8
гьенкьезе,8
гьересичи,8
гьетӏ-гьетӏараб,8
гьетӏ-гьетӏизе,8
гьитӏич,8
гьорозабизе,8
гӏабкӏитӏамах,8
гӏага-шагарда,8
гӏагардасеб,8
гӏагарлъухъ,8
гӏадлъизе,8
гӏажам,8
гӏажиз,8
гӏаздалтӏегь,8
гӏакълучи,8
гӏалхулал,8
гӏамаликъаб,8
гӏамалкӏудияб,8
гӏарац-месед,8
гӏарзахъдизе,8
гӏаркьизе,8
гӏащтӏичи,8
гӏемерлъи,8
гӏетӏизабизе,8
гӏетӏизе,8
гӏинщ,8
гӏисинлъизабизе,8
гӏияхъанлъи,8
гӏобил,8
гӏобиллъизе,8
гӏодизабизе,8
гӏодобегӏанисан,8
гӏолохъанго,8
гӏоргел,8
гӏорогинабизе,8
гӏорцӏараб,8
гӏумруялъго,8
гӏурччинлъизабизе,8
дагьа-дагьабккун,8
дала,8
дарбиш,8
дванкан,8
деепричастие,8
декабралда,8
декларация,8
декорация,8
диета,8
дизель,8
диргъизе,8
добахъа,8
добго,8
докторлъи,8
доллар,8
дум,8
дураб,8
дурнаби,8
ессарухъан,8
ефрейтор,8
жазачи,8
жанисахъат,8
жахӏдаяб,8
жилд,8
жинсияб,8
жойиде,8
жужа-куказе,8
загьла,8
зайдан,8
заманалъулаб,8
заметка,8
занкӏун,8
зарядка,8
захӏматкъо,8
защитник,8
заялъизе,8
звеновод,8
зизи,8
зингъи,8
зинкъизе,8
значок,8
зоб-ракь,8
зооинженер,8
зорбалъизабизе,8
зорбалъизе,8
зорбаяб,8
зурзур,8
игит,8
идиома,8
иливаш,8
индустриаллъизабизе,8
интернат,8
иришгъат,8
исбагьияб,8
исиб,8
испаниял,8
историк,8
италияй,8
ичӏабго,8
ишгьечӏ,8
июналда,8
июнь,8
кавалер,8
кавказалъулаб,8
кагьру,8
казарма,8
калмыкал,8
канахӏехь,8
канчӏгӏурччинаб,8
канчӏсурмалъизе,8
канчӏцӏахӏиллъизе,8
каракалпакал,8
карелал,8
карман,8
каругъветӏ,8
квархи,8
квешлъизабизе,8
керенсвери,8
киб-кибниги,8
кибехун,8
китаяй,8
ккуккутӏегь,8
клизма,8
койка,8
колониализм,8
колониалияб,8
колонизатор,8
коммерсант,8
кондитер,8
контрабандист,8
контролёр,8
кореял,8
корреспонденция,8
кубок,8
кунчӏи,8
куплет,8
куса,8
кутнамахх,8
кухня,8
къадарлъизабизе,8
къадекак,8
къакъазе,8
къамиш,8
къапезе,8
къасиквен,8
къасилъагӏан,8
къвакӏизабизе,8
къватӏулъажо,8
къедалаб,8
къинцӏ,8
къо-асс,8
къоабилеб,8
къобухӏизе,8
къолохъан,8
къотӏаро,8
къохьолъалкӏач,8
къудратаб,8
къукӏизе,8
къулгӏа,8
къулгӏадухъ,8
къунцӏ-къунцӏизе,8
къунцӏарухъан,8
кьабгӏей,8
кьвагьезе,8
кьвагьизабизе,8
кьвах,8
кьибил-тухум,8
кьижаризе,8
кьогъен,8
кьолокь,8
кӏал-хъат,8
кӏалзухъ,8
кӏалквешлъизе,8
кӏалухъ,8
кӏалъа-басазе,8
кӏвагьащ,8
кӏваричӏо,8
кӏибалаб,8
кӏибекизе,8
кӏигъатлъизе,8
кӏигьумерлъизе,8
кӏичӏардухъан,8
кӏобокӏахъдизабизе,8
кӏодолъи,8
кӏуди,8
кӏутӏ,8
лагъзал,8
лахӏду,8
лезвие,8
лексика,8
листовка,8
лоти,8
лумалъизе,8
лъаббокӏон,8
лъабгоялде,8
лъадакълъизе,8
лъадалхӏинчӏ,8
лъалъ,8
лъалъади,8
лъвартӏизе,8
лъилъарухъан,8
лълъетӏа,8
лъобаго,8
лъов,8
люстра,8
магарич,8
магӏакӏ,8
мадиро,8
мажбикь,8
мазу,8
майка,8
макънатӏис,8
малагъине,8
малгӏун,8
малъгӏанаб,8
манги,8
манзилкъокълъизе,8
маникюр,8
маргарин,8
махмар,8
махсарачи,8
маххрекӏинабизе,8
маххугел,8
махьа,8
махӏал,8
махӏрумлъизабизе,8
мацӏикету,8
мая,8
мегъсверизе,8
мегӏ,8
мергуборохь,8
мигьлъизе,8
микрофон,8
микъан,8
микьабилеб,8
милица,8
миллатчилъи,8
миндал,8
минус,8
мирза,8
монголал,8
моцӏица,8
мугъзал,8
мусудул,8
мухъилав,8
надирлъизе,8
нажаслъизе,8
наждак,8
насихӏатчи,8
нахучӏорто,8
нахълъизе,8
нахътӏами,8
негушлъизе,8
нейлон,8
нефрит,8
носорог,8
ноцӏ,8
нусиялда,8
нуцал,8
облицовка,8
обращение,8
объект,8
оппортунизм,8
оранжерея,8
орозлъизе,8
отель,8
пакт,8
паризаяб,8
партбилет,8
партконференция,8
партшкола,8
патруль,8
пациент,8
пединститут,8
пекарь,8
петер,8
пихъ-мичӏ,8
пластикияб,8
повидло,8
полководец,8
помощник,8
понтон,8
постановление,8
премьер-министр,8
провокатор,8
прогул,8
пролетарий,8
пролетарияб,8
проспект,8
профгруппорг,8
психиатр,8
психика,8
публицист,8
пуй,8
пуртӏи,8
пурх,8
пурцихӏинчӏ,8
рагъ-кьал,8
рагьи,8
рагӏиятчилъи,8
радалисеб,8
радикал,8
радиожурналист,8
радиоточка,8
ракьбагъари,8
ракӏ-макӏ,8
ракӏхехлъизе,8
ракӏчучизе,8
ранг,8
расаб,8
расист,8
ратӏалъул,8
рахен,8
рахьан,8
рахьбосизе,8
рахьдалаб,8
рахӏмат,8
рахӏмуяб,8
рач,8
реактив,8
реактор,8
реакционер,8
реакционияб,8
реалист,8
ревлюция,8
регион,8
редакторлъи,8
реестр,8
резидент,8
рекордсмен,8
рекьул,8
релъеда,8
ремонтёр,8
рентгенолог,8
республикаялъулаб,8
реферат,8
рехтӏезе,8
речч,8
реччдаллъизе,8
речӏчӏухъан,8
рибачи,8
рииялъ,8
рискӏи,8
рос-лъадилъи,8
рохен,8
рохьимикки,8
ругъначӏорто,8
ругьи,8
рузитӏинчӏ,8
рухӏаниял,8
рухӏдакъаб,8
рущи,8
санчасть,8
сах-саламатаб,8
сваказабизе,8
сварка,8
свенезе,8
свенек,8
сверунжо,8
селекция,8
семичка,8
сенат,8
сепаратор,8
силикат,8
силсила,8
синжир,8
синтаксис,8
синукълъизе,8
сионист,8
сихӏирлъи,8
скелет,8
скрепка,8
соавтор,8
солист,8
сонет,8
сородизабизе,8
сосиска,8
спикер,8
спортсменка,8
ссуда,8
стенд,8
стенография,8
стоматолог,8
стратег,8
стратегия,8
субботник,8
сугъат,8
султан,8
султӏан,8
сумахъ,8
суннат,8
суратчи,8
сурдалъел,8
суртӏагъур,8
сус,8
сухаричед,8
сухӏмат,8
таватур,8
тантикълъизе,8
тастар,8
тегело,8
телеграфист,8
тематика,8
термос,8
термоядернияб,8
террор,8
тест,8
техтеро,8
тир-тидизе,8
тобот,8
толозе,8
тохлъи,8
транзистор,8
транзит,8
тули,8
турма,8
тӏабутӏине,8
тӏавап,8
тӏадеруссине,8
тӏадхурхине,8
тӏалабчилъи,8
тӏарамагъалъи,8
тӏарикъат,8
тӏатӏалаго,8
тӏатӏалакъай,8
тӏатӏучед,8
тӏере-беэнлъизе,8
тӏеренлъизабизе,8
тӏеренчед,8
тӏилгӏазабизе,8
тӏинакькквел,8
тӏину-тӏала,8
тӏипа,8
тӏокӏлъи,8
тӏонтӏросине,8
тӏохьи,8
тӏутӏлъизе,8
уборщица,8
увольнение,8
узбек,8
ункънусго,8
ункъого,8
уран,8
утренник,8
учредитель,8
учузлъизабизе,8
ушанкатӏагъур,8
фара,8
фасон,8
фашистазулаб,8
феодал,8
феодализм,8
ферзь,8
физкультурник,8
филиал,8
формат,8
фотомухбир,8
фракция,8
француз,8
фугас,8
фунт,8
хараб,8
хараблъизабизе,8
хенчо,8
химикат,8
хис-бас,8
хич-хичизе,8
хореография,8
хункар,8
хучдул,8
хъазахъкьили,8
хъалахъарщи,8
хъахӏилсияб,8
хъахӏрас,8
хъвалсазабизе,8
хъегъезабизе,8
хьадараб,8
хьай,8
хьачӏунлъизе,8
хьварс,8
хьитичӏоло,8
хьордозабизе,8
хьотӏагьобо,8
хьури,8
хӏабиб,8
хӏавагӏечугъветӏ,8
хӏадурлъизабизе,8
хӏажи,8
хӏайранлъизабизе,8
хӏакъираб,8
хӏакълъизабизе,8
хӏал-зулму,8
хӏал-хӏукму,8
хӏаликъаб,8
хӏаллъизабизе,8
хӏалхьезабизе,8
хӏалцазабизе,8
хӏинкъа-къазе,8
хӏорго,8
хӏулитӏегь,8
хӏурудахъ,8
хӏурулгӏин,8
цадахълъизе,8
цебебухь,8
циркуляр,8
цойида,8
цӏагӏел,8
цӏадалхӏама,8
цӏамгӏаллъизе,8
цӏамугӏорто,8
цӏамукълъизе,8
цӏахӏил,8
цӏвабазабизе,8
цӏвак-цӏвакизабизе,8
цӏини,8
цӏирхъва,8
цӏукӏа,8
цӏулъизе,8
чайхана,8
чалухъдизе,8
чанидегӏен,8
черчение,8
чехал,8
чехъолдизе,8
числитель,8
чукъа-рахьан,8
чумартлъизе,8
чури,8
чурибиххизе,8
чучаб,8
ччехӏ,8
ччоборлъизабизе,8
ччорбахине,8
ччукӏи,8
ччут,8
чӏалгӏадехалат,8
чӏамучӏлъизабизе,8
чӏанкӏгьечӏ,8
чӏвагӏа-рагӏазе,8
чӏвад,8
чӏвай-хъвей,8
чӏвантӏ,8
чӏвархизе,8
чӏвахкен,8
чӏоро,8
чӏункӏизе,8
чӏунтӏизе,8
чӏух,8
шайхулислам,8
шаргӏияб,8
шаригӏат,8
шарикоподшипник,8
шарип,8
шархӏ,8
шелбетал,8
штатив,8
щапизабизе,8
щвантӏ,8
щвезаби,8
щовукълъизе,8
эб,8
эбгӏан,8
эбеллъи,8
экономист,8
электриклъизабизе,8
эпитет,8
эркенлъизабизе,8
эскадрон,8
эскиз,8
эстафета,8
эхеберегӏел,8
эхедегӏан,8
эшелон,8
юрисконсульт,8
ялгъузлъизабизе,8
янгъиз,8
абизабизе,7
абундач,7
аваданлъизабизе,7
авал-къоно,7
аварал,7
авги,7
августалда,7
автовокзал,7
автозавод,7
автореферат,7
агрономия,7
адъютант,7
аза-азар,7
азияй,7
азот,7
актриса,7
албаниял,7
аллея,7
амортизатор,7
ананас,7
анекдот,7
анкьабилеб,7
анцӏил,7
апрелалда,7
аптекарь,7
аргъумахъ,7
асбест,7
асилаб,7
аспирант,7
аэроплан,7
аэропорт,7
багьа-бихъизе,7
багӏаржо,7
багӏаркьераб,7
бадиржан,7
бажаризабизе,7
байрахъчи,7
бакъанидалъизе,7
бакъвадго,7
балканаб,7
балканахинабизе,7
бандероль,7
басар,7
бассаризабизе,7
бат-батизе,7
батраклъи,7
батӏуллъизе,7
баха-бакине,7
бахин,7
бахъизабизе,7
бахъунчӏезабизе,7
бахьикъос,7
бахьикъослъизе,7
бахӏарлъизабизе,7
бацилла,7
бачавехь,7
бачибокь,7
бачин,7
бег,7
бег-бегизабизе,7
бег-бегизе,7
бегьаризабизе,7
бегьаризе,7
бегьизабизе,7
бежахине,7
бекьи,7
бели,7
белъахинабизе,7
белъахине,7
бербиххизабизе,7
бербиххизе,7
бергъезе,7
берзулаб,7
берзухъахъдизе,7
беркъазабизе,7
беркӏутӏизе,7
берпалгъазе,7
берречӏчӏизабизе,7
берречӏчӏизе,7
бесдаллъизабизе,7
бетӏ-бетӏизе,7
бетӏерлъиялда,7
бетӏерхъахӏ,7
беццай,7
беццизабизе,7
бечӏазабизе,7
бечӏчӏизабизе,7
беэнлъизабизе,7
биаризе,7
библиотекарь,7
бигъа-битине,7
бигьалъи,7
бигьинабизе,7
бизбиз,7
бикъа-бахчизе,7
бил,7
билигъуд,7
битӏгьечӏолъи,7
битӏуниса,7
бицат,7
богода,7
болмажгит,7
большевик,7
борлъаро,7
броневик,7
бугьинабизе,7
бугьудизе,7
бугӏа-бусизе,7
бугӏапер,7
бузе,7
букӏдиб,7
булбулхӏинчӏ,7
буссаризе,7
бухта,7
бухъа-хъетӏизе,7
бухьа-бутӏине,7
бухӏ-бухӏизе,7
бухӏа-цӏорой,7
вагъизавизе,7
вазир,7
вакъиясуркӏа,7
валалай,7
васвасдизавизе,7
вахьнаяб,7
вацако,7
велосипедист,7
ветеринарияб,7
вечӏчӏарухъан,7
витрина,7
военком,7
вожатый,7
габурбухь,7
газгазал,7
ганчӏилаб,7
гаргадан,7
гаргадизабизе,7
гаржинабизе,7
гарнир,7
гарцӏахинабизе,7
гачгьецӏо,7
гвангвадиро,7
гвангъа,7
гвандахинабизе,7
гвед,7
гелецӏ,7
гергу,7
гидал,7
гипербола,7
гира,7
глицерин,7
горбогьод,7
горо-цӏер,7
граммофон,7
гудгудизе,7
гузизе,7
гурого,7
гъадизабизе,7
гъази,7
гъалайчи,7
гъалатӏлъизе,7
гъалгъализабизе,7
гъализабизе,7
гъализе,7
гъамилараб,7
гъанигъине,7
гъанцӏакӏичӏ,7
гъаралди,7
гъаркьизе,7
гъарси,7
гъатахараб,7
гъира-шавкъалда,7
гъолобер,7
гъоркьантӏажу,7
гъоркьго,7
гъоркьегӏан,7
гъоркькӏкӏвазабизе,7
гъугъ,7
гъуруд,7
гъуцӏизе,7
гьабгощинаб,7
гьабитӏакъали,7
гьадигӏан,7
гьадирохь,7
гьай-гьуй,7
гьайгьай,7
гьакихъан,7
гьакьинаб,7
гьакӏкӏазабизе,7
гьалмагълъиялъулаб,7
гьалъаб,7
гьаналъпурщина,7
гьанамагӏ,7
гьанжелъизегӏан,7
гьарзалъизабизе,7
гьаризабизе,7
гьартизабизе,7
гьатизе,7
гьевго,7
гьекдизе,7
гьекъолди,7
гьекӏизе,7
гьелегьинабизе,7
гьелизабизе,7
гьелчезабизе,7
гьесадизабизе,7
гьетӏ-гьетӏизабизе,7
гьижра,7
гьикъа-бакъаризе,7
гьими,7
гьинал,7
гьиндцӏулакьо,7
гьинкатан,7
гьириял,7
гьогьаб,7
гьодорлъизабизе,7
гьудазабизе,7
гьудгьуд,7
гьукъи,7
гьункьизабизе,7
гьунхьизе,7
гьургьуризе,7
гьухьизе,7
гьуърул,7
гьуя-гьарай,7
гӏабид,7
гӏабурикӏ,7
гӏагализабизе,7
гӏадагӏо,7
гӏадаллъизабизе,7
гӏажизлъизабизе,7
гӏазу-цӏер,7
гӏакъикъ,7
гӏакълугьечӏ,7
гӏакъраб,7
гӏал-гӏали,7
гӏамалберцинаб,7
гӏамалкӏодо,7
гӏамбар,7
гӏамирко,7
гӏандарак,7
гӏанкӏу-хӏелеко,7
гӏанкӏуял,7
гӏанлъизабизе,7
гӏантлъизабизе,7
гӏанщкӏеро,7
гӏарацкун,7
гӏарзачи,7
гӏарцул,7
гӏачивехь,7
гӏеккезабизе,7
гӏибадат,7
гӏибрат,7
гӏим,7
гӏинкълъи,7
гӏинкълъизабизе,7
гӏисинмаххал,7
гӏищ,7
гӏобиллъизабизе,7
гӏодобкари,7
гӏодобнакӏкӏ,7
гӏолохъанлъизабизе,7
гӏощтӏогӏоркь,7
гӏумрудул,7
гӏуркъдизе,7
гӏуцӏарухъанлъи,7
гӏуцӏиялъулаб,7
дабагъав,7
дагъизе,7
дагӏбаяб,7
дазу,7
дама,7
дандамизе,7
дандежо,7
дандечӏей,7
дандхаризе,7
даранчӏужу,7
дахӏа,7
дваргъан,7
дежурный,7
дельфин,7
демократ,7
демонстрант,7
депутатлъи,7
диаграмма,7
диалектолог,7
дивизион,7
диктатор,7
динамит,7
дингъизе,7
диргъизабизе,7
дирижабль,7
дирлъизе,7
договор,7
догӏдогӏ,7
доморизе,7
доцент,7
драп,7
думдумдизе,7
дунявияб,7
дурцлъизе,7
ечӏчӏарухъан,7
жавабалъулаб,7
жавгьар-якъут,7
жагърапия,7
жагьандаман,7
жагьандаманалъуб,7
жен-жедизе,7
жиризабизе,7
жонсокъ,7
жунизе,7
загь,7
загьаб,7
закагӏат,7
зама-заманалда,7
записка,7
заповедник,7
звархи,7
зенезабизе,7
зенкӏкӏезе,7
зигар,7
зидизе,7
зикру,7
зияратчи,7
зодикь,7
зодоб-гӏодоб,7
зоотехник,7
зунтӏизе,7
зуригат,7
игӏтибар,7
идеалист,7
ижарачи,7
избиратель,7
икъбаллъизе,7
илагьияб,7
иммунитет,7
ингилисал,7
ингушал,7
инженерлъи,7
инкубатор,7
инсап,7
интеллигенция,7
интернационалияб,7
иранай,7
иргадулав,7
италиял,7
кавудукӏалтӏа,7
кадр,7
какао,7
калибр,7
канав,7
канарко,7
канлъукъаб,7
кантӏогьиллъизе,7
капкикълъизабизе,7
капкикълъизе,7
капли,7
капураб,7
карачалахинабизе,7
кардиолог,7
картошкатӏегь,7
кару,7
кассация,7
кашкан,7
квала-швализе,7
кваранса,7
квегӏиса,7
кверчӏазе,7
керчлъизабизе,7
керчлъизе,7
кибехунниги,7
кира,7
китель,7
ккара-ккаралъуб,7
классификация,7
клиент,7
колба,7
коллективлъизабизе,7
колхозчӏужу,7
комбайнер,7
комбинезон,7
комендантура,7
комиссариат,7
коммунизм,7
кондитерлъи,7
коцокълъизабизе,7
кулинар,7
къадалъхӏинчӏ,7
къаданижо,7
къакъу,7
къалу,7
къалъизабизе,7
къамартӏлъизе,7
къапа,7
къартӏаб,7
къарункету,7
къасабчи,7
къатӏизабизе,7
къахӏан,7
къвакеро,7
къвалакьбакӏ,7
къвекӏаб,7
къенцӏезе,7
къирщ-къирщи,7
къокъиднух,7
къудрат,7
къулчӏизабизе,7
къунмухь,7
къунтӏаб,7
къунцӏаризе,7
къурущине,7
къушизе,7
кьабгӏезе,7
кьалаб,7
кьалбал,7
кьаллъизабизе,7
кьан-квачӏ,7
кьаралъи,7
кьвагьеро,7
кьвар-кьваризе,7
кьенкӏезе,7
кьерилав,7
кьилитӏагъур,7
кьовидлъизе,7
кьочӏокь,7
кьура-сверизе,7
кьура-суризе,7
кӏалбиххизе,7
кӏалкьабизе,7
кӏалъазабизе,7
кӏанцӏеро,7
кӏармахине,7
кӏарччанаб,7
кӏвенкӏкӏведизе,7
кӏерело,7
кӏи-кӏиккун,7
кӏибетӏераб,7
кӏийил,7
кӏитӏалаяб,7
кӏкӏвадаризе,7
кӏкӏвазабизе,7
кӏкӏор,7
кӏочонтезабизе,7
кӏулкӏудизе,7
лабци,7
лагам,7
лагӏ,7
лазарет,7
лахӏучирахъ,7
лексикияб,7
лемаг,7
лепека,7
ликпункт,7
ликёр,7
лилипут,7
лимонад,7
линотип,7
лирик,7
литератор,7
лифтёр,7
лото,7
лъабабизе,7
лъабида,7
лъабтӏалаяб,7
лъалхъаризе,7
лъалъадухъан,7
лъамалъизабизе,7
лъарахӏинчӏ,7
лъедохъан,7
лъелнус,7
лъилъизабизе,7
лъолго,7
лётчик,7
мавлид,7
магащ,7
макъам,7
макьигъдизе,7
малакь,7
малик,7
марганец,7
масхара,7
математик,7
материалистияб,7
маулхӏаят,7
махирохь,7
махраж,7
махӏбачине,7
махӏцинабизе,7
мач,7
машгъуллъизабизе,7
машгьурлъизабизе,7
маяк,7
междометие,7
металлургия,7
метро,7
мех-мехалъ,7
механизатор,7
мехта-тирхизе,7
мизмиздизе,7
микьцӏул,7
миномёт,7
мискинлъизабизе,7
михикӏ,7
михӏи,7
мугъурхьа,7
муд,7
муршид,7
наби,7
нагагьлъи,7
надираб,7
напас,7
наркоз,7
наркоман,7
нахъарай,7
нахъбилълъин,7
немец,7
низамияб,7
никӏва,7
нисулъпурщина,7
нисулъчед,7
нодоклъизе,7
номерок,7
норвегал,7
норматив,7
нормативияб,7
нохъахине,7
нукьдул,7
нусилбетӏер,7
нухи,7
нуцӏикӏалтӏа,7
обораб,7
общественник,7
обществоведение,7
огнемёт,7
озон,7
олимпиялъул,7
ондатра,7
оператор,7
оппозиционер,7
оппортунист,7
оптика,7
ортопед,7
ортопедия,7
офицерлъи,7
официант,7
официантка,7
оцмахӏлъизе,7
падишагьлъи,7
пакъираб,7
палихъанлъи,7
палугьанлъи,7
палхӏасил,7
пальма,7
панаяб,7
паргав,7
парламенталъулаб,7
парпадизабизе,7
партсобрание,7
партсъезд,7
парфюмерия,7
патриарх,7
пахьукъебед,7
педиатр,7
пенщезе,7
пионервожатая,7
питомник,7
пихъихъан,7
планалъулаб,7
платформа,7
пограничник,7
политэкономия,7
постӏахъан,7
предприниматель,7
преподавательница,7
пресса,7
призывник,7
прииск,7
приёмная,7
проба,7
проводник,7
прогрессивияб,7
продуктивияб,7
прозаик,7
производствоялъулаб,7
прокатчик,7
промышленник,7
противогаз,7
профессионал,7
профессорлъи,7
профорг,7
пряник,7
публицистикияб,7
пус-пусдизе,7
пюре,7
рагъул,7
рагӏухине,7
рада-радал,7
радиатор,7
радиация,7
радиоактивияб,7
радиожурнал,7
радиопередача,7
радиопрограмма,7
радиотелеграф,7
радиотелефон,7
радиоузел,7
разведкаялъулаб,7
разведчик,7
раккури,7
ракьугӏункӏкӏ,7
ракӏбакъвазабизе,7
ракӏбасине,7
ракӏбатизабизе,7
ракӏбекизабизе,7
ракӏбекизе,7
ракӏбечӏазе,7
ракӏбохизабизе,7
ракӏкъварилъизабизе,7
ракӏсвине,7
ракӏтирхизабизе,7
ракӏтирхизе,7
ракӏчӏараб,7
ракӏчӏезабизе,7
расандизаризе,7
растечӏого,7
растрата,7
рахай,7
рахит,7
рахъубикь,7
рахьдакълъизе,7
рахӏатхвезабизе,7
рахӏим,7
рация,7
рацӏцӏунисахӏетӏе,7
реабилитация,7
реваншист,7
ревизионист,7
револьвер,7
регистратор,7
регистратура,7
регьен,7
редакциялъулаб,7
редиска,7
редколлегия,7
резервуар,7
резюме,7
рекъдизабизе,7
рекӏарай,7
релълъ,7
релълъен-хъвай,7
ремонтник,7
рентген,7
репродуктор,7
республикаялъул,7
рессор,7
референт,7
реформатор,7
реха-речӏчӏизе,7
речь,7
рижаликълъизе,7
рикӏкӏадасеб,7
рикӏкӏин,7
ришватчи,7
рогьояб,7
рокъосел,7
романист,7
роолаб,7
рохел-аваданлъи,7
рохкилищ,7
ругънахинабизе,7
рукну,7
рукугӏ,7
румал,7
руссункӏо,7
самогон,7
санайилаб,7
сардилаб,7
сатира,7
сатирик,7
сахават,7
сваризабизе,7
свера-хъеризабизе,7
сверда-сверун,7
свердизабизе,7
свердиро,7
светофор,7
сег,7
секта,7
сектант,7
сел,7
семафор,7
семестр,7
серб,7
сербал,7
сигара,7
сигналияб,7
симпозиум,7
синква,7
синоптик,7
сионизм,7
сихӏкъотӏизабизе,7
согӏ,7
согӏлъизабизе,7
солярка,7
сонтӏолълъар,7
социализмалъулаб,7
спекулянт,7
спортлото,7
стажёр,7
статистик,7
стенограмма,7
стипендиат,7
строфа,7
сум-сараялда,7
сунтӏизабизе,7
сурмалъизе,7
сусузе,7
таблетка,7
табло,7
таварих,7
тагӏзир,7
тайигӏала,7
талихӏкъосине,7
тамашалъизабизе,7
тантрахъ,7
тапочка,7
тари,7
таризабизе,7
тартадизабизе,7
тархъанлъизабизе,7
тархъизабизе,7
ташкӏо,7
телевизионнияб,7
телемеханик,7
телетайп,7
телефильм,7
телефонограмма,7
телецентр,7
тент,7
теоретикияб,7
теплоход,7
терлек,7
товаровед,7
товароведение,7
томат,7
тохалчи,7
тохлъизабизе,7
трамплин,7
транскрипция,7
транспарант,7
траулер,7
трибуна,7
туп,7
турки,7
тӏагӏарат,7
тӏадбелъанхъизавизе,7
тӏадеразе,7
тӏадецуй,7
тӏадтезе,7
тӏадтиризе,7
тӏадтӏамизе,7
тӏадчи,7
тӏадчӏезабизе,7
тӏакъна,7
тӏалабалда,7
тӏалабияб,7
тӏалагъуд,7
тӏасабекизе,7
тӏасаккезабизе,7
тӏасанборчӏизе,7
тӏасангурде,7
тӏасахъвагӏазе,7
тӏасахъвазе,7
тӏасахӏетӏе,7
тӏенкъезе,7
тӏепизабизе,7
тӏин,7
тӏинкӏ,7
тӏогьил,7
тӏогьиллъизабизе,7
тӏогьилтӏегь,7
тӏогьилхӏинчӏ,7
тӏокӏкӏинабизе,7
тӏорахине,7
тӏорщаликълъизе,7
тӏуризабизе,7
тӏутӏ-кӏкӏара,7
тӏуц,7
тӏуцлъизабизе,7
тӏуцлъизе,7
угорь,7
угьинабизе,7
ургьисаго,7
учительница,7
факультативияб,7
фальцовка,7
федеративияб,7
фельетонист,7
филармония,7
филологияб,7
фонетикияб,7
формация,7
фужер,7
фут,7
хаду-хадуб,7
хадурагӏи,7
хадучи,7
хайи,7
хари,7
харил,7
хасалотӏагъур,7
хахдезе,7
хвасарлъизабизе,7
хехдари,7
хили,7
химик,7
хинкӏикълъизе,7
хоккеист,7
хормейстер,7
хохоч,7
хроника,7
хули,7
хулиганлъи,7
ххен,7
хъамал,7
хъанцӏа,7
хъарт,7
хъарцинаб,7
хъарцинлъизабизе,7
хъарщал,7
хъахӏбалъи,7
хъахӏбаяб,7
хъахӏибил,7
хъахӏилдахӏа,7
хъахӏккараб,7
хъахӏлъи,7
хъащкьизе,7
хъвавудхине,7
хъвай,7
хъвайи,7
хъвалхьи,7
хъерет,7
хъещтӏеро,7
хъибихъизабизе,7
хъирхъири,7
хьачӏун,7
хьвархьвач,7
хьвацӏитӏикъва,7
хьвацӏихьит,7
хьирцӏизе,7
хьититӏикъва,7
хьонбакӏ,7
хӏалакинабизе,7
хӏалакълъизабизе,7
хӏалбазе,7
хӏалбачӏине,7
хӏалрекъезабизе,7
хӏалтӏи-пиша,7
хӏалуцин,7
хӏалчӏахъад,7
хӏамалияв,7
хӏамикӏерт,7
хӏанчӏибусен,7
хӏарамзадалъи,7
хӏарим,7
хӏасилаб,7
хӏатӏракь,7
хӏебдарас,7
хӏенчеро,7
хӏерхинабизе,7
хӏерхине,7
хӏет,7
хӏикмалъи,7
хӏикмалъизабизе,7
хӏисабчи,7
хӏорчӏел,7
цагъургамачӏ,7
цидутӏинчӏ,7
циркуль,7
циферблат,7
цоабилеб,7
цунтур,7
цухъу-рухъузе,7
ццидал,7
цӏадакълъизе,7
цӏалагӏоркь,7
цӏалтинабизе,7
цӏамул,7
цӏаргӏа,7
цӏекьизе,7
цӏикӏкӏа-рикӏкӏине,7
цӏиндиял,7
цӏинкрахин,7
цӏоко-къехь,7
цӏубазабизе,7
цӏубече,7
цӏулакълъизе,7
цӏунцӏрахинабизе,7
цӏцӏани,7
чадира,7
чаликаратӏ,7
чардахъ,7
чарухъ,7
часовой,7
чахъма,7
чахъматуманкӏ,7
чвалта,7
чвахизабизе,7
чемпионат,7
чергеслъизабизе,7
чилчили,7
чиярлъизе,7
членхӏакъ,7
чодулаб,7
чол,7
чолгъецӏ,7
чувашал,7
чуча-хъухъизабизе,7
ччулччудизе,7
ччумучч,7
чӏарахъан,7
чӏахъен,7
чӏвадарухъан,7
чӏвайи,7
чӏвангьан,7
чӏванкӏезабизе,7
чӏванкӏи,7
чӏвархизабизе,7
чӏедер,7
чӏемгӏа,7
чӏемегӏлъизабизе,7
чӏинкьа-кӏитӏизабизе,7
чӏинчӏикъаб,7
чӏиргъдизе,7
чӏиргъи,7
чӏирчӏири,7
чӏужумахӏаб,7
чӏунтел,7
чӏухӏдарухъан,7
чӏучӏадизабизе,7
шавкат,7
шагьадаткилищ,7
шагьидлъизе,7
шайба,7
шайка,7
шашликӏ,7
шимал,7
штангист,7
штурман,7
щагъадизе,7
щагӏихъан,7
щак-щак,7
щакдари,7
щаринах,7
щванкӏезе,7
щвартӏезе,7
щве-щвезабизе,7
щвел,7
щивдай,7
щигат,7
щугӏаркьелаб,7
эбелхвад,7
эбелцадахъ,7
экватор,7
экскаваторщик,7
экскурсовод,7
элги,7
элго,7
элеватор,7
электротехник,7
энергетик,7
энергетикияб,7
энциклопедия,7
эпос,7
эскадра,7
эстониял,7
этек,7
юбилеялъулаб,7
ябагъи,7
якутал,7
якъут,7
ямб,7
япониял,7
яре,7
ясахъ,7
яхӏгьечӏ,7
яцлъизе,7
аб-абизе,6
аб-доб,6
абгощинаб,6
аварагасулаб,6
авиазавод,6
австралияй,6
австрияй,6
автобиография,6
автобиографияб,6
автолавка,6
автопортрет,6
агъазгьечӏеб,6
агьа,6
адабияб,6
аджарал,6
азали,6
азарил,6
азарилбетӏер,6
азербайжанал,6
айгъураб,6
алжанаб,6
алжирай,6
аллагьгьечӏ,6
алча,6
альманах,6
аманаткасса,6
амахвад,6
аминтаза,6
амир,6
аммиак,6
аннотация,6
анонимка,6
антракт,6
анцӏилбетӏер,6
апас,6
апрелалъулаб,6
арбитраж,6
асатӏин,6
аспирантура,6
ассамблея,6
астроном,6
атомчи,6
ахиралдаги,6
ахирлъизе,6
ахцазабизе,6
ахӏкамал,6
ачу,6
аштархангӏанкӏу,6
багъаргъизабизе,6
багъилаб,6
багьа-къадар,6
багьаб,6
багьалъизабизе,6
багьалъизе,6
багьлъизе,6
багӏаргьине,6
багӏаргӏеч,6
багӏаркӏогӏоро,6
багӏарпер,6
бадис,6
базман,6
бакъан-къоно,6
бакъаникак,6
бакъвачӏагӏа,6
бакъизабизе,6
бакьулъгӏер,6
бакӏибусен,6
балалайкачи,6
балерина,6
балкарал,6
барак,6
барщахине,6
батагъ,6
батарейка,6
батизабизе,6
батӏа-батӏалъизе,6
бахчачи,6
бахьинхух,6
бацизабизе,6
бацӏцӏа-бакинабизе,6
бачал,6
бачӏ-бачӏине,6
башкирал,6
баща-бакъалъизе,6
бегавуллъи,6
бегемот,6
бегунгарацӏ,6
бегунисатӏагъур,6
бегӏекӏо,6
бежен,6
бекерухъан,6
бекӏикӏичӏ,6
белъизабизе,6
бергъучӏ,6
берело,6
берзукълъизе,6
берзукь,6
бертӏамизе,6
берцинхъвай,6
берчӏегӏерлъи,6
бета,6
бецца-бекъизе,6
беццлъизабизе,6
бецӏгӏурччинаб,6
бечӏандар,6
биа-бикӏкӏине,6
библиограф,6
бигинабизе,6
бидул,6
бидурихьахине,6
бижаражо,6
бизинабизе,6
бикъи,6
бихъаризабизе,6
бихъи,6
бихьинкету,6
бицалъи,6
бицардухъан,6
блиндаж,6
боголгӏорто,6
бодасур,6
бокӏнал,6
бокӏнахине,6
бокӏонбитӏ,6
болгарал,6
болрохь,6
бомбардировщик,6
борта-хъетизе,6
бортанхъизабизе,6
борчӏаризе,6
босахинабизе,6
босахине,6
ботека,6
ботӏиш,6
бохи,6
боцман,6
бошаб,6
бошгъап,6
бошлъизабизе,6
бубудизабизе,6
бугӏа-ролъ,6
букаризабизе,6
бурамчи,6
буржуй,6
буртинахьитал,6
бурятал,6
бусса-бутӏинабизе,6
бусса-бутӏине,6
бусса-сверизабизе,6
буссинабурай,6
бутӏа-ратӏа,6
бухаритахта,6
бухгалтерия,6
буххунах,6
бухъаро,6
вагонетка,6
вазипа,6
варагӏ,6
варакъ,6
васасулаб,6
васикӏо,6
ватакара,6
вахтиро,6
вахьи,6
вершок,6
вессарухъан,6
вехьлъи,6
вичаризе,6
военкомат,6
гажахараб,6
гажахинабизе,6
гажахине,6
гала,6
гамихъан,6
гандарияв,6
ганчӏахине,6
гара-чӏваризабизе,6
гахӏ,6
гвадизе,6
гвангъ-гвангъизабизе,6
гвандахине,6
гванзгӏала,6
гванзлъизе,6
гванчлъизе,6
гезма,6
гелдезе,6
гелдо,6
гелрачӏ,6
генераллъи,6
генетика,6
гереги,6
гилдизабизе,6
гилдизе,6
гимназист,6
гимнастка,6
гипотенуза,6
гира-ширизабизе,6
гира-ширизе,6
главк,6
глобус,6
гоз,6
гозохъан,6
голландиял,6
гочӏдаризе,6
градусник,6
гражданка,6
грузчик,6
гунащмагӏна,6
гургинхвалчен,6
гургуризе,6
гуренж,6
гуродай,6
гусар,6
гъадаво,6
гъадибусен,6
гъайихъ,6
гъалако,6
гъалакохӏинчӏ,6
гъалгъадизабизе,6
гъалгъадизе,6
гъалгъаял,6
гъаличу,6
гъалмагъираб,6
гъанизе,6
гъанкъул,6
гъанцӏдезе,6
гъанцӏизабизе,6
гъанчдезабизе,6
гъараваш,6
гъарзикълъизабизе,6
гъаризабизе,6
гъванилаб,6
гъвархьизабизе,6
гъвегъине,6
гъвел-гъведизе,6
гъени,6
гъир,6
гъобго,6
гъоркьангурде,6
гъоркьарукъ,6
гъоркьтӏам,6
гъорлъвосизе,6
гъула-тулараб,6
гъулач,6
гъунки,6
гъура-чухӏизе,6
гьавайин,6
гьаглъизабизе,6
гьалакӏач,6
гьанщезе,6
гьара-кӏачизе,6
гьара-рахьи,6
гьарай,6
гьаргва,6
гьартӏизе,6
гьарщизабизе,6
гьацӏучед,6
гьачдезаризе,6
гьедизабизе,6
гьекӏизабизе,6
гьелкезе,6
гьерсигъине,6
гьерсихъанлъи,6
гьетӏарухъан,6
гьикъи,6
гьимизабизе,6
гьитӏинкилищ,6
гьодрахараб,6
гьолох,6
гьуинккараб,6
гьулгӏизабизе,6
гьулгӏизе,6
гьулизаз,6
гьулчизабизе,6
гьунаргьечӏ,6
гьунизабизе,6
гьункьа-кӏучизабизе,6
гьункӏусида,6
гьура,6
гӏабатӏ,6
гӏагь,6
гӏагӏа,6
гӏад,6
гӏад-хочӏ,6
гӏадиллъи,6
гӏазабчи,6
гӏазизаб,6
гӏазухъахӏлъизе,6
гӏайибияб,6
гӏайибияй,6
гӏакъиллъизабизе,6
гӏаламалъизабизе,6
гӏалхуллъизабизе,6
гӏамалберцин,6
гӏамалкӏодолъизабизе,6
гӏамм,6
гӏанако,6
гӏангисхух,6
гӏанкабут,6
гӏантмахӏав,6
гӏантӏикӏа,6
гӏанчихъабахъ,6
гӏарцукълъизабизе,6
гӏарчӏтӏил,6
гӏасилъизабизе,6
гӏахьаллъизабизе,6
гӏачӏанкъвали,6
гӏеб,6
гӏедегӏахъдизабизе,6
гӏезаби,6
гӏек-гӏекун,6
гӏелечӏдизе,6
гӏемерцӏул,6
гӏентӏеро,6
гӏерчел,6
гӏерщ,6
гӏехьелаб,6
гӏи-цӏцӏани,6
гӏизраил,6
гӏинчӏизе,6
гӏисинлъимал,6
гӏисинцӏулакьо,6
гӏияхъан,6
гӏода-борчӏизе,6
гӏоди,6
гӏодорчӏей,6
гӏоко,6
гӏонкӏкӏозаз,6
гӏоргазабизе,6
гӏоржазабизе,6
гӏоржазе,6
гӏоркьилав,6
гӏорчо,6
гӏочӏокъине,6
гӏужихъан,6
гӏумру-яшав,6
гӏурусгӏанкӏу,6
гӏурччинккараб,6
гӏуцц,6
гӏучӏалтӏам,6
дагъан,6
дагӏбагъине,6
дагӏбадулав,6
дал,6
далдализабизе,6
дандеруссин,6
дандиял,6
дандхурхине,6
даниял,6
даргиял,6
дарманлъизе,6
даста,6
дахӏ,6
декабрист,6
деканат,6
декламация,6
дециметр,6
диалектика,6
диванхана,6
диверсант,6
диверсия,6
дият,6
догъо,6
додинабго,6
дойго,6
домкрат,6
дотация,6
драматург,6
дубликат,6
дугӏа-алхӏам,6
дудудизе,6
думалъго,6
дурлъизе,6
дуруслъизабизе,6
жагьандаманлъизе,6
жагьил,6
жагьилчи,6
жакки,6
жакъаго,6
жаннат,6
жарадат,6
жасуслъи,6
жегиги,6
жемардизе,6
жендезе,6
жигарчи,6
жий,6
жилла,6
жинкизе,6
жогь,6
жужахӏаб,6
жуз,6
загьрухине,6
загӏбитӏун,6
зазахараб,6
зазихьуй,6
замзам,6
занкӏан,6
заочница,6
зачетка,6
звеньевая,6
зенаб,6
зенитчик,6
зоолог,6
зудултӏегь,6
зухзазабизе,6
зухӏа,6
ивус,6
игизал,6
идеализм,6
идеалияб,6
икълим,6
илбисаб,6
илгьам,6
илхъичи,6
империя,6
импорт,6
имтихӏан,6
инарал,6
инвалидлъи,6
индонезияй,6
индусал,6
индустриалияб,6
инжитлъизабизе,6
инсанияб,6
инсулъуб,6
интеллигент,6
интеллигентаб,6
интервент,6
интервенция,6
интернационалист,6
инфаркт,6
иранал,6
исанасеб,6
исбагьилъи,6
исиблъуда,6
исламияб,6
испанияй,6
исрапчи,6
историкияб,6
историялъулаб,6
итог,6
ихтилатчи,6
иц,6
ицико,6
иццтӏа,6
ичӏабилеб,6
ичӏил,6
ичӏилаб,6
ичӏцӏул,6
июлалда,6
йоржарухъан,6
кабинеталъулаб,6
кагӏак,6
какизабизе,6
калпатгъецӏ,6
калуш,6
канлъукълъизабизе,6
кантӏизабизе,6
кантӏогьиллъизабизе,6
канцлер,6
канчӏбагӏарлъизабизе,6
канчӏгӏурччинлъизабизе,6
канчӏсурмалъизабизе,6
канчӏтӏогьиллъизе,6
канчӏхъахӏил,6
канчӏхъахӏиллъизабизе,6
канчӏцӏахӏиллъизабизе,6
капитанлъи,6
капурлъизабизе,6
карамель,6
карахинабизе,6
карж,6
карикатура,6
карикатурист,6
карикатурияб,6
квала-гъализе,6
квала-швализабизе,6
квализабизе,6
квана-гьекъезабизе,6
кванадухъан,6
кваникълъизабизе,6
кватӏи,6
квачӏахине,6
кващизабизе,6
квегӏай,6
квелъел,6
кветӏел,6
кеплъизабизе,6
керен-ракӏ,6
керч,6
кефир,6
кечезабизе,6
кечезе,6
кечӏ-бакъан,6
кибехунго,6
кикаб,6
килищгӏанаб,6
кирахӏакъ,6
кирачи,6
кирза,6
ккалазабизе,6
классика,6
клумба,6
колготка,6
коммерция,6
коммуна,6
коммунар,6
комсомолал,6
конкурент,6
консерватория,6
конституциялъулаб,6
контейнер,6
контрреволюционер,6
концлагерь,6
корт,6
косметика,6
коцокъ,6
крейсер,6
кубаялъулаб,6
кубическияб,6
кубометр,6
купец,6
курдал,6
курси,6
кусагӏака,6
кутнахъан,6
куц-бегӏ,6
къабза,6
къайи-свери,6
къамартӏго,6
къамус,6
къанал,6
къанщ-къанщизаризе,6
къанщ-къанщизе,6
къапу,6
къарар,6
къасаб,6
къаси-къаси,6
къасимехалъ,6
къахӏазабизе,6
къацандизабизе,6
къвагъ,6
къвалалгьечӏ,6
къваригӏелгьечӏеб,6
къватӏибчӏвазе,6
къентел,6
къерен,6
къеркьезабизе,6
къерхӏав,6
къерхӏизе,6
къехӏо,6
къечезабизе,6
къиматалда,6
къир-къири,6
къогояв,6
къокъинабизе,6
къорола,6
къочизабизе,6
къуба,6
къулагӏузу,6
къунцӏа-кӏутӏизе,6
къутӏкъутӏ,6
кьалха-риххизаризе,6
кьанагъдизе,6
кьаралъизабизе,6
кьвара-гъаризабизе,6
кьватӏ-кьватӏизабизе,6
кьергъвазабизе,6
кьерилай,6
кьерханкъо,6
кьинчӏ,6
кьогӏлъизабизе,6
кьурунжо,6
кьучӏтӏамизе,6
кӏабатӏ,6
кӏада,6
кӏал-кӏалачӏван,6
кӏалбахине,6
кӏалквешаб,6
кӏалухьин,6
кӏалхвезе,6
кӏама,6
кӏач,6
кӏварч,6
кӏвахӏаллъизабизе,6
кӏвекӏа-швешизе,6
кӏвекӏаризе,6
кӏерезе,6
кӏерт,6
кӏи-кӏирекъезабизе,6
кӏи-кӏирекъезе,6
кӏикъотӏизе,6
кӏинусиялда,6
кӏитӏанкӏ,6
кӏкӏвелизабизе,6
кӏкӏубаб,6
кӏкӏуйкӏачинабизе,6
кӏкӏуйкӏачине,6
кӏоноркӏо,6
кӏохӏаллъизабизе,6
кӏудаэмен,6
кӏус-кӏусизе,6
кӏут-кӏутӏизе,6
кӏущ,6
лабораторияб,6
лакал,6
ламартлъизе,6
латвиял,6
латин,6
лахӏбецӏлъизе,6
лахӏим,6
лингвистика,6
литваялъулал,6
литературовед,6
лолен,6
лугъат,6
лумалъизабизе,6
лумияб,6
лъаббох,6
лъабгъат,6
лъагӏизе,6
лъадакълъизабизе,6
лъадахъине,6
лъалкӏачине,6
лъедерлъизабизе,6
лъелъерлъизабизе,6
лъехезе,6
лъикӏа-лъикӏаб,6
лъимхӏалаб,6
лъинчӏир,6
лъукъел,6
мавзолей,6
магжилав,6
магьди,6
магӏарулав,6
магӏаруллъи,6
магӏихине,6
магӏлагъине,6
магӏнавияб,6
магӏникъаб,6
маж,6
маза,6
мазгазабизе,6
маймахъ,6
маймахълъизе,6
макир,6
маккашарип,6
маклер,6
макъари,6
макъархъабахъ,6
макънагъине,6
макьихинабизе,6
малълъ,6
малълъа-хъвазе,6
малълъарухъан,6
малълъухъан,6
манзилхалалъи,6
манифест,6
марказ,6
маркӏачӏукак,6
масакӏ,6
маслахӏатчи,6
матахӏ,6
махлукъат,6
махорка,6
махсарадего,6
маххало,6
махӏбахъинабизе,6
махӏбачинабизе,6
махӏла,6
махӏрумаб,6
махӏтӏачинабизе,6
мачӏалтӏимугъ,6
мачӏбил,6
машгьур,6
медаль-килас,6
мельхиор,6
мензурка,6
местком,6
методикияб,6
мехтизабизе,6
мигь,6
мигӏдизе,6
миккирохь,6
микьил,6
микьнусго,6
милитаризм,6
миллионер,6
мимидиро,6
миндаль,6
миндар,6
мичӏилъхинкӏ,6
мичӏирохь,6
молдаванал,6
монтёр,6
мочохур,6
моччлогохӏ,6
мугжул,6
мугъало,6
мугьахараб,6
мукъадасаб,6
мутӏигӏлъи,6
мутӏигӏлъизабизе,6
мухъахине,6
мухьдахъан,6
мушавара,6
наборщица,6
нагагь-надир,6
наган,6
надзиратель,6
нажасаб,6
назир,6
найибакӏ,6
найирукъ,6
накъирачи,6
накълулъизе,6
намуслъизабизе,6
нани,6
нартикъали,6
нартимахӏ,6
насир,6
насранияв,6
нахъсверизабизе,6
нахътӏамизабизе,6
нахъчӏезабизе,6
нащ,6
негр,6
неграв,6
негуш,6
неда-гъедизабизе,6
недегьлъизабизе,6
нежехӏаб,6
неон,6
нечезабизе,6
нилъер,6
ничбахъ,6
новатор,6
новелла,6
нокаут,6
нужумчи,6
нусиреч,6
нухмалъухъан,6
обкатчик,6
областалъулаб,6
обойма,6
обор,6
обсерватория,6
обскурант,6
объём,6
огьо-гьой,6
ода,6
океанолог,6
оккупант,6
октава,6
октябралъулаб,6
октябрёнок,6
окулист,6
онколог,6
оптик,6
ординатор,6
ориенталист,6
ориентир,6
орнитолог,6
ортодокс,6
осётр,6
отбой,6
отвёртка,6
отличница,6
отоларинголог,6
оттиск,6
пагьизе,6
пагьим,6
пагьла,6
пазилат,6
палас,6
палеограф,6
палеонтолог,6
памфлетист,6
пандуз,6
папа,6
папуасал,6
параллелограмм,6
параноик,6
парашютист,6
паргьанг,6
парз,6
парзлъизе,6
парик,6
пародия,6
партер,6
парторганизация,6
парччо,6
паслу,6
пастеризация,6
патриот,6
патриотлъи,6
пахъухъ,6
пацифист,6
пашманлъизабизе,6
педучилище,6
пейзаж,6
пейзажист,6
пеня,6
перело,6
перпендикуляр,6
перрон,6
пессимист,6
петит,6
пианист,6
пижама,6
пикет,6
пилта,6
пинцет,6
пиргӏан,6
писаб,6
пистон,6
плагиатор,6
планетарий,6
плантатор,6
пленарияб,6
поднос,6
полиглот,6
полиграфиялъулаб,6
политотдел,6
полушарие,6
поляк,6
помада,6
портретист,6
прапорщик,6
премьер,6
премьера,6
пресс-конференция,6
пресс-центр,6
префикс,6
пригород,6
примыкание,6
принципиалияб,6
приют,6
приёмщик,6
пробирка,6
проводница,6
прогноз,6
продмаг,6
проектияб,6
прожекторист,6
прокламация,6
просветитель,6
профилакторий,6
проценталъулаб,6
псевдоним,6
психология,6
психологиялъулаб,6
публицистика,6
пуй-чӏвай,6
пулан,6
пульт,6
пурцигӏер,6
пурцимахх,6
пухъна,6
рагьтӏателлъи,6
рагӏухъан,6
радий,6
радикалияб,6
радикулит,6
радиовещание,6
рази-ракияб,6
разилъизабизе,6
райвоенком,6
райисполком,6
райцентр,6
ракетаялъулаб,6
ракъдаллъизабизе,6
ракъи-къеч,6
ракъикквезабизе,6
ракь-мухъ,6
ракӏбагъаризабизе,6
ракӏбазабизе,6
ракӏбасинабизе,6
ракӏбахиллъизабизе,6
ракӏбечӏазабизе,6
ракӏкъазабизе,6
ракӏсвинабизе,6
ракӏхвезабизе,6
ракӏхехлъизабизе,6
ракӏхӏалакинабизе,6
ракӏчучизабизе,6
ралъдалкету,6
рамазан,6
рапира,6
расандухъан,6
расачи,6
ратификация,6
рахъ-мухъ,6
рахъухъирщ,6
рахьдал,6
рационализация,6
реваншистазулаб,6
ревлюционер,6
ревматизм,6
регулятор,6
регъезабизе,6
регьинабизе,6
редукция,6
рейтузал,6
рекӏекълъизабизе,6
релъедакунчӏ,6
рента,6
реплика,6
реставратор,6
ретранслятор,6
ретӏин,6
референдум,6
рецӏцӏел,6
реччалъ,6
речӏчӏа-рехизе,6
риваят,6
рижибакъвад,6
рижисур,6
ринг,6
рихинабизе,6
рихьахараб,6
рицӏцӏ,6
рицӏцӏирохь,6
рияъ,6
рокьумахх,6
ролълъи,6
романс,6
романтизм,6
ромб,6
росуцояв,6
роцукӏаркьен,6
роччаризе,6
ругънатӏамах,6
ругънахине,6
румын,6
румынал,6
рухьад,6
рухӏ-жан,6
рухӏдакълъизабизе,6
рухӏдаллъизабизе,6
руцӏцӏалалго,6
ручниб,6
рущтӏиб,6
сакъис,6
самбист,6
самодержавие,6
сандалал,6
санитария,6
сансикъ,6
санэпидстанция,6
сарапан,6
саргъас,6
сарсахъ,6
саскъотӏи,6
сатин,6
сах-саламалъи,6
сахлъи-саламалъи,6
сахӏиб,6
сберкнижка,6
сверунлъугьине,6
севрюга,6
сейсмикияб,6
селекционер,6
сепаратист,6
сервиз,6
сертификат,6
сибил,6
сибтӏ,6
сигнализация,6
сигналчи,6
сима,6
символика,6
синкъиялда,6
синонимия,6
синтезияб,6
синтетикияб,6
сираж,6
сирена,6
сиясат,6
сиясияб,6
скандинавал,6
сквер,6
слесарьлъи,6
словник,6
солдатчакма,6
солистка,6
сологӏучӏ,6
сонсо,6
сонтӏохъан,6
соратник,6
сорталъулаб,6
социолог,6
спидометр,6
спираль,6
спортклуб,6
стартер,6
статистикияб,6
стационарияб,6
стилист,6
стратосфера,6
стюардесса,6
сундус,6
суннатаб,6
суркӏачӏикӏ,6
суртӏинкилищ,6
сусур,6
сухъмахънух,6
сценарист,6
сюита,6
табельщица,6
тазият,6
тайичу,6
тайлан,6
тактикияб,6
такъсираб,6
талихӏкъараб,6
талихӏкъинабизе,6
талихӏкъосинабизе,6
талма,6
таманаб,6
танказулаб,6
танкел,6
тантикълъизабизе,6
тапсир,6
таптар,6
тарихчи,6
тархъанаб,6
татал,6
татар,6
телеоператор,6
телепередача,6
телефонистка,6
теоретик,6
терминология,6
терхезабизе,6
технологияб,6
тимар,6
тире,6
тирха-кӏичизабизе,6
тождество,6
топограф,6
трактат,6
тракторист,6
тригонометрия,6
триллион,6
трилогия,6
трюм,6
тубдиспансер,6
тувадахъ,6
тувинал,6
тулпар,6
тундра,6
тунка-гӏусизабизе,6
турхьан,6
тухум-кьибил,6
тӏабакӏхӏерчч,6
тӏабутӏинабизе,6
тӏадбигъине,6
тӏадегуризабизе,6
тӏадегӏанлъизабизе,6
тӏадеккезабизе,6
тӏадекӏкӏвазе,6
тӏадеразаризе,6
тӏадеруссинаризе,6
тӏадеялъул,6
тӏадтиризабизе,6
тӏадчӏел,6
тӏаралъи,6
тӏарцӏ,6
тӏаса-масаголъи,6
тӏасагьури,6
тӏасаквер,6
тӏасалъугьинабизе,6
тӏасанретӏел,6
тӏатӏан,6
тӏвапан,6
тӏегь-хер,6
тӏетӏели,6
тӏехӏнису,6
тӏикъвамагӏ,6
тӏинчӏаб,6
тӏинчӏхӏелеко,6
тӏогьилккараб,6
тӏогьилкьераб,6
тӏогьолкъвачӏа,6
тӏокъ,6
тӏончӏорукъ,6
тӏоритӏел,6
тӏочӏвай,6
тӏунцаб,6
тӏуркӏизабизе,6
тӏутӏлъизабизе,6
углевод,6
уголовник,6
угьарухъан,6
удаман,6
удмурт,6
узданлъизабизе,6
узден,6
узденг,6
узурпатор,6
указка,6
укол,6
улка-ракь,6
универсал,6
ургъалаби,6
урду,6
урхъизабизе,6
усилитель,6
ухълъизабизе,6
ухълъизе,6
ухӏизе,6
уцуми,6
учётчик,6
фабула,6
фаталист,6
федералияб,6
физзарядка,6
физик,6
физиотерапевт,6
филателист,6
флотилия,6
фойе,6
фольклорист,6
фонетика,6
фонетист,6
формуляр,6
фортепьяно,6
форточка,6
фотоконкурс,6
фотокопия,6
фоторепортёр,6
фразеологияб,6
фракционер,6
фтизиатр,6
фуфайка,6
хабар-кӏал,6
хагазабизе,6
хадубккун,6
хадугъезабизе,6
хадуккезе,6
хаин,6
хайрат,6
хайраткилищ,6
хакасал,6
хала-чӏалалъизе,6
халабакӏ,6
хам,6
ханзайин,6
ханум,6
хараби,6
харал,6
харатӏчи,6
харзин,6
хаслъул,6
хатишдизе,6
хахдезабизе,6
хачадизе,6
хванча,6
хваш-хваши,6
хвезаби,6
хвел-рахъин,6
херлъизабизе,6
хисизаби,6
хич-хичизабизе,6
холл,6
хомелег,6
хорватал,6
хорда,6
храм,6
хрестоматия,6
хубуч,6
хурдахӏелеко,6
хурукъаб,6
хурхаризе,6
хутӏма,6
ххвелчи,6
хъабанболъон,6
хъагӏизабизе,6
хъазанхъаг,6
хъалахъ,6
хъалиянчи,6
хъантӏизабизе,6
хъаркӏаслъизабизе,6
хъасдо,6
хъатун,6
хъахӏиллъизабизе,6
хъащкьизабизе,6
хъвапан,6
хъегӏдизабизе,6
хъегӏизабизе,6
хъепхӏизабизе,6
хъерело,6
хъетизабизе,6
хъизан-кулпат,6
хъизан-рукъ,6
хъилич,6
хъитӏ-хъитӏизе,6
хъитӏизабизе,6
хъорщотӏакӏанцӏ,6
хъукизе,6
хъулухъ-иш,6
хъумус,6
хъутмаччугӏа,6
хъухӏудизабизе,6
хьачӏунлъизабизе,6
хьвагӏезаби,6
хьецӏел,6
хьибилса,6
хьимизабизе,6
хьодулаб,6
хьулаб,6
хьулхьудухъан,6
хьуцӏахинабизе,6
хьуцӏихер,6
хӏаварияб,6
хӏадарухъан,6
хӏажигоро,6
хӏажилакълакъ,6
хӏалакахъдизе,6
хӏалакъккараб,6
хӏалигъинабизе,6
хӏаликълъизабизе,6
хӏалихьалъизабизе,6
хӏалрекъезе,6
хӏалхъублъи,6
хӏамабагьадурлъи,6
хӏаманакӏкӏигъветӏ,6
хӏамилгьоко,6
хӏамиллъизе,6
хӏанку,6
хӏанчӏизабизе,6
хӏапиз,6
хӏарамаб,6
хӏарамлъизабизе,6
хӏарщул,6
хӏасралъизабизе,6
хӏатӏихьин,6
хӏелхӏелдухъан,6
хӏелхӏелчи,6
хӏенкезе,6
хӏикмат,6
хӏисабкьей,6
хӏужат,6
хӏужра,6
хӏур-кӏуч,6
хӏухьлахине,6
цакъ,6
цалхине,6
цевечи,6
цензор,6
цензура,6
центнер,6
цивилизация,6
цо-кӏиго,6
цоцӏул,6
цунагӏал,6
цӏазабизе,6
цӏала-къали,6
цӏалач,6
цӏализабизе,6
цӏамгӏаллъизабизе,6
цӏар-цӏарккун,6
цӏаргӏахьал,6
цӏахӏиллъизабизе,6
цӏидбацӏцӏине,6
цӏикӏкӏа-рикӏкӏинабизе,6
цӏикӏкӏин,6
цӏил,6
цӏицӏидизабизе,6
цӏогьоркету,6
цӏорозаби,6
цӏохъахӏлъизе,6
цӏумагъеду,6
цӏурдул,6
чайдан,6
чайка,6
чакмачи,6
чакъал,6
чалухъ,6
чанахъанлъи,6
чанчахинабизе,6
чапизабизе,6
чар,6
чахьал,6
чачанав,6
чвархъи,6
чемпионка,6
чехьквеш,6
чинаригъветӏ,6
чиякъаб,6
чиякълъизабизе,6
чиярлъизабизе,6
чобочараб,6
чункъизабизе,6
чурул,6
чурхъизабизе,6
чучазабизе,6
чучи,6
ччорбал,6
ччулччудизабизе,6
ччути,6
чӏабтӏи,6
чӏами,6
чӏамчӏам,6
чӏандачи,6
чӏанкьаб,6
чӏанчӏур,6
чӏарадухъан,6
чӏарахъанлъи,6
чӏвагӏадизе,6
чӏвагӏазе,6
чӏвар-чӏвадизе,6
чӏвархан,6
чӏверизабизе,6
чӏегӏергъедо,6
чӏегӏеркӏкӏубаб,6
чӏегӏерхӏайван,6
чӏигъа,6
чӏиникӏ,6
чӏинкъизабизе,6
чӏинкьа-гӏинкьизабизе,6
чӏинкьа-гӏинкьизе,6
чӏинкӏил,6
чӏирчӏидиро,6
чӏобозе,6
чӏорборохь,6
чӏортобахъ,6
чӏукӏначилъи,6
чӏурхӏа-кӏутӏизе,6
чӏухӏа-къули,6
чӏухӏаб,6
чӏухӏтӏи,6
чӏучӏу,6
чӏчӏичӏчӏи,6
шайтӏанаб,6
шайтӏангьури,6
шайтӏанчирахъ,6
шамхал,6
шапагӏат,6
шаргӏ,6
шарж,6
шахтёр,6
шевиот,6
шеф,6
шималияб,6
шовинизм,6
шотландиял,6
шпаргалка,6
шпионлъи,6
штурвал,6
шуршудизабизе,6
щакърахинабизе,6
щалдай,6
щвай,6
щванкӏизе,6
щенкӏезе,6
щивха,6
щинкӏи,6
щинкӏизабизе,6
щовукъаб,6
щубокӏонаб,6
щука,6
эбелдахъачи,6
эвго,6
экономия,6
экскурсант,6
экспертияб,6
элегия,6
электричка,6
электромеханика,6
электромонтёр,6
электротехника,6
эмблема,6
эмигрант,6
энергетика,6
энциклопедияб,6
эрмениял,6
эскимосал,6
эстетикияб,6
этнограф,6
этнография,6
эхебемухъ,6
эщтӏезе,6
ю,6
юнкер,6
юргъизабизе,6
юхъарухъан,6
ягъзият,6
ялгъав,6
японияй,6
ятимлъизабизе,6
ячейка,6
Ибнухӏажар,5
Инжил,5
абали,5
аббревиатура,5
абитуриент,5
аборт,5
абунчи,5
абхазал,5
авал-ахир,5
авали,5
авараглъи,5
авгияли,5
авиабаза,5
авиадесант,5
авиапочта,5
авлахъалъулаб,5
австриял,5
автомеханик,5
автономия,5
автостанция,5
агитколлектив,5
агитпункт,5
агъ,5
агьлу-хъизан,5
агӏ,5
адабалда,5
адабиятчи,5
адвокатлъи,5
адмираллъи,5
адресазулаб,5
азаралда,5
азаркьераб,5
азимут,5
азнавур,5
айтув,5
академикияб,5
аквариум,5
аккредитив,5
акушерка,5
албанияй,5
алжирал,5
алкоголик,5
аллегория,5
алоэ,5
алтаяй,5
алтаял,5
алфазал,5
альпинистазулаб,5
альпинистка,5
амбразура,5
американав,5
америкаялъулаб,5
аммонал,5
амруяб,5
ангина,5
андархьа,5
анибехъа,5
анищчи,5
анкьтӏалаяб,5
анкьумумул,5
анкьчияр,5
анлънусго,5
анлътӏалаяб,5
антология,5
антоним,5
анцӏазаралда,5
анцӏцӏул,5
апанди,5
апараглъи,5
арбабаш,5
арбитр,5
ариш,5
армутгени,5
артиллерист,5
археология,5
архъан,5
ас-къо,5
асаргӏанасеб,5
асатӏинал,5
аслу-тухум,5
ассистентка,5
ассистентлъи,5
африкаялъулаб,5
аха-тӏарада,5
аххун,5
ахъсахъ,5
ахӏдезабизе,5
ачихъ,5
ашлав,5
бавасур,5
багъа-бакаризабизе,5
багьадураб,5
багӏармесед,5
багӏаро,5
багӏарчараб,5
багӏач,5
бади-кӏалдиса,5
бадиса-бадибе,5
бажа,5
базалай,5
бай-хъвай,5
бакка-бахъи,5
бакъани-маркӏачӏуда,5
бакъва-кӏасараб,5
бакънагъине,5
бакъхӏазе,5
бакӏу,5
балаб,5
балагьи,5
балагьутӏа,5
банкир,5
баня,5
бартун,5
барщаризабизе,5
басраяб,5
батрачка,5
бахчадулаб,5
бахчачилъи,5
бахъаризабизе,5
бахьинхьоп,5
бахьинцӏибил,5
бахӏарго,5
бахӏарчиго,5
бацӏикӏал,5
бацӏитӏагъур,5
башлихъулав,5
баянрагӏи,5
бегьо,5
бегӏергӏучӏ,5
белорусал,5
белъанхъизабизе,5
бельэтаж,5
бергъу,5
берданка,5
берич,5
бетӏер-магъ,5
бетӏер-мегеж,5
бетӏергьанчӏужу,5
бетӏеркъай,5
бетӏеркъотӏ,5
бетӏеркӏодо,5
бехизе,5
бецц,5
беццабакь,5
беццарухъан,5
беццук,5
бецӏсурмияб,5
биаранах,5
библиография,5
бигъа-битинабизе,5
бидахине,5
бидгӏа,5
бидукъаб,5
бижагъ,5
бизимагӏакӏ,5
билълъинабизе,5
бисмила,5
битӏунречӏчӏ,5
бихх-биххизабизе,5
бихъизабизе,5
бихьизаби,5
бихьинмахӏаб,5
бихьинчиясулаб,5
бицардизабизе,5
бичаризе,5
биччараб,5
бишхи,5
божуда,5
бокьухъин,5
бокӏнахабизе,5
бокӏнахараб,5
болозанлъи,5
болъахараб,5
болъо-къоно,5
большевизм,5
большевичка,5
боржанхъизабизе,5
борлъи,5
борт-бортизабизе,5
борчӏаризабизе,5
бохӏине,5
боцӏи-панз,5
бу,5
бубуй,5
бугъалъи,5
бугӏатӏам,5
букӏдул,5
бунахӏ,5
буравмагӏ,5
буракъ,5
бурбудизабизе,5
бурди-тӏил,5
бурж,5
бурогъил,5
буртинадулав,5
бутӏадулав,5
бухарирахъ,5
буххаро,5
бухъа-хъвазе,5
бухӏаризабизе,5
бухӏи-цӏорой,5
буцӏ,5
буямушаб,5
бюрократлъи,5
вагӏзачи,5
вакъигӏат,5
вакъунчи,5
валилъи,5
вараничи,5
вархӏа,5
варшавпахь,5
васав,5
васандухъан,5
васи,5
ватерпас,5
вахӏшиго,5
вац-яц,5
вацлъиялъулаб,5
велосипедистка,5
вергол,5
верс,5
ветӏарухъан,5
вецарухъан,5
викъарухъан,5
вири-вара,5
висру,5
вождь,5
вортухъан,5
вохьарухъан,5
вукъарухъан,5
вьетнамал,5
га,5
габанигӏучӏ,5
габур-бетӏер,5
гавань,5
гажи,5
гала-чӏвализе,5
галарахас,5
галгъен,5
галипа,5
гамачӏхӏалаб,5
ганщибокь,5
гапчи,5
гаргас,5
гауптвахта,5
гахӏма,5
гванзу-,5
гванзуч,5
гванчаб,5
гваргин,5
гваризе,5
гвендккел,5
гезмадулав,5
гектолитр,5
гемер,5
генералиссимус,5
генугӏоркь,5
гербарий,5
гестапоялъулав,5
гиди-гиди,5
гилдач,5
гимназистка,5
гимнастёрка,5
гиргидиро,5
гобой,5
гозогӏоркь,5
гольфал,5
гомогккел,5
гонглозе,5
горилла,5
готовальня,5
гохӏахине,5
гочӏдаризабизе,5
губернатор,5
гугари,5
гуда,5
гудрал,5
гудучӏ,5
гуляш,5
гунгунцӏа,5
гуннал,5
гурда,5
гуреблъи,5
гурхӏелгьечӏ,5
гурхӏуледухъ,5
гурцӏ,5
гъагъадиро,5
гъазаватчи,5
гъазанлихъ,5
гъазияв,5
гъалмухъ,5
гъалтахъ,5
гъамут,5
гъанигъараб,5
гъанкъарухъан,5
гъапусик,5
гъаранчихъ,5
гъарачаял,5
гъарачилъи,5
гъарзилбекӏ,5
гъарт,5
гъата-гъатахинабизе,5
гъата-гъатахине,5
гъвакь-гъвакьи,5
гъванщуяб,5
гъвар-гъвадизабизе,5
гъвар-гъвари,5
гъваца,5
гъежтӏалъел,5
гъелъ,5
гъерезе,5
гъерхь,5
гъибат,5
гъий,5
гъийинаб,5
гъира-цӏа,5
гъираяб,5
гъобсагӏат,5
гъоркьапалугьан,5
гъоркьачехь,5
гъоркьбакӏ,5
гъоркье-тӏаде,5
гъорлъетӏам,5
гъосок,5
гъуд-гучӏ,5
гъуймураб,5
гъулаяб,5
гъурад,5
гъургъур,5
гьабеле,5
гьабизабизе,5
гьайда,5
гьакимахх,5
гьакинух,5
гьакӏкӏа-кӏалъазе,5
гьакӏкӏадизабизе,5
гьалугӏа,5
гьантурад,5
гьардезабизе,5
гьарт-гьартизабизе,5
гьартӏан,5
гьарунчи,5
гьарщукӏан,5
гьатӏанрукъ,5
гьахьеро,5
гьвалан,5
гьвелъи,5
гьебмехалда,5
гьедарухъан,5
гьедигӏанаб,5
гьейго,5
гьекъелчи,5
гьекъолдизабизе,5
гьекӏдизабизе,5
гьелгӏезабизе,5
гьелкезабизе,5
гьенкьезабизе,5
гьобочӏикӏ,5
гьогьоми,5
гьодгъур,5
гьоко-квара,5
гьорконацӏ,5
гьоролгвед,5
гьудулавчи,5
гьумер-цӏар,5
гьури-муч,5
гьуя,5
гӏабкӏимащу,5
гӏабукӏ,5
гӏагӏадизабизе,5
гӏагӏаялда,5
гӏадаллъи,5
гӏаздалаб,5
гӏазу-цӏад,5
гӏайибиял,5
гӏайин,5
гӏакдалнах,5
гӏакъубачи,5
гӏаларча,5
гӏалу,5
гӏалхулав,5
гӏамусдизе,5
гӏанкӏилаб,5
гӏанлъел,5
гӏантлъи,5
гӏанхъури,5
гӏарабияв,5
гӏарабиял,5
гӏараш,5
гӏарзагъинабизе,5
гӏарзахъдизабизе,5
гӏарцукъаб,5
гӏарцукьераб,5
гӏарщ-квар,5
гӏатӏ-тӏех,5
гӏатӏиракь,5
гӏахьалчӏужу,5
гӏачирехьед,5
гӏеблъи,5
гӏебсахъурщ,5
гӏекӏмацӏ,5
гӏелечӏине,5
гӏентел,5
гӏергӏедизабизе,5
гӏиприт,5
гӏиракъай,5
гӏицӏ,5
гӏиявехьлъи,5
гӏиял,5
гӏодирик,5
гӏодоргьунарал,5
гӏолилай,5
гӏологӏучӏ,5
гӏорхъи-рахъ,5
гӏорцӏунчи,5
гӏосовехь,5
гӏуни,5
гӏункӏкӏбечӏчӏ,5
гӏурдамучари,5
гӏурдул,5
гӏурускъвали,5
гӏурф,5
дагъистаниял,5
дагьа-дагьаб,5
дагӏбадулай,5
дагӏбачи,5
даллакчи,5
даллал,5
данде-гъанде,5
дандхаризабизе,5
дашбашчи,5
дванкиялда,5
двар-двари,5
дворянин,5
дезертирлъи,5
декабралъулаб,5
делегатлъи,5
департамент,5
дергело,5
дерец,5
десантазулаб,5
десантник,5
дефис,5
джемпер,5
диагноз,5
диалектикияб,5
диалектология,5
диалог,5
диб,5
дипломатия,5
диргва,5
директивияб,5
дирекция,5
добеле,5
долма,5
домино,5
донкӏ,5
донкӏахине,5
драматургияб,5
дузаб,5
думур,5
дуниял-ахират,5
дуниялтерк,5
дуниялтерклъи,5
екерухъан,5
екьарухъан,5
етӏарухъан,5
ефрейторлъи,5
еццарухъан,5
жагьлу,5
жазаир,5
жазму,5
жаллат,5
жамагӏатчи,5
жануб,5
жахӏдачи,5
жемардизабизе,5
жея,5
жираф,5
жонсокъаб,5
жубанжо,5
жужукӏ,5
жузъу,5
жулихъан,5
жумгьурият,5
жундул,5
журналистка,5
жух,5
жюри,5
забаниятал,5
забастовкачи,5
заведущая,5
зазитӏегь,5
закускӏа,5
заочник,5
запонка,5
защитница,5
звеновой,5
зенитнияб,5
зигардизабизе,5
зина,5
зиначи,5
зиндан,5
зинкӏил,5
зиян-захӏмат,5
зиянаб,5
зиянчи,5
зоопарк,5
зулмучилъи,5
зулмуялъ,5
зурма-къали,5
идиоматикияб,5
илагьи,5
илчи,5
императрица,5
империализм,5
империалистияб,5
ингилисав,5
иргъахъ,5
иришгъатаб,5
исландияй,5
испичкӏа,5
исполком,5
исрапчилъи,5
ихтилат-кеп,5
иххимохъ,5
ихӏрам,5
ичӏгояв,5
ичӏгоял,5
ичӏкӏал,5
ичӏтӏалаяб,5
ишкӏокӏо,5
кабаб,5
кагьин,5
казармаялъулаб,5
казият,5
каклъихӏине,5
камиллъи,5
кан-цӏа,5
канагӏаб,5
канлъи-лъай,5
кантӏогьилаб,5
канчӏтӏогьиллъизабизе,5
капарат,5
капур,5
капурзаби,5
карахине,5
кардиология,5
каркадан,5
карьера,5
карьеристка,5
кашавур,5
кваникъаб,5
квартет,5
кватӏаризабизе,5
квачӏикъ,5
квегъи,5
квегӏав,5
квегӏса,5
квер-бер,5
квералхъахӏ,5
квило,5
кенчӏезабизе,5
кепели,5
кесма,5
кидалъизегӏан,5
киз,5
кинан,5
кисеб,5
кисия,5
китаб,5
китаял,5
кквел,5
ккел,5
клиникияб,5
клубника,5
кодолъи,5
кожанка,5
кокомигъветӏ,5
командирлъи,5
комендантлъи,5
комета,5
коми,5
коммунистка,5
коммюнике,5
композициялъулаб,5
контрразведка,5
контрразведчик,5
концентрат,5
кополаб,5
кополав,5
кореяй,5
кубаяй,5
кумекрагӏи,5
курмул,5
курьерияб,5
кусма,5
кутур,5
къабкӏаб,5
къабтӏан,5
къадемех,5
къадиро,5
къадиса,5
къажар,5
къажарав,5
къак,5
къакъуцӏ,5
къам,5
къанихъарщи,5
къарият,5
къватӏ-къватӏалда,5
къватӏулаб,5
къватӏуш,5
къвачӏакӏутӏ,5
къвекӏчарлъизе,5
къедал,5
къенеро,5
къерщезабизе,5
къехьаб,5
къечхӏа-гедазе,5
къиблама,5
къикъидизабизе,5
къилбар,5
къинкӏаризе,5
къиркъар,5
къиркъир,5
къокъадулав,5
къокъбицатаб,5
къокъич,5
къолонилъаб,5
къороллъи,5
къосел,5
къочаризабизе,5
къукӏизабизе,5
къулгьудехъуд,5
къуркъур,5
къутӏин,5
кьагӏи,5
кьазе,5
кьарач,5
кьвагӏхаражо,5
кьванкьва,5
кьвара-гъаризе,5
кьералъ,5
кьергъвазе,5
кьили-тӏенк,5
кьилихъан,5
кьиндал,5
кьихь,5
кьовид,5
кьогӏлъи,5
кьугӏичӏро,5
кьуж,5
кьурди-хъат,5
кьурупицӏ,5
кьухълъизабизе,5
кьухълъизе,5
кӏалалъбакӏалда,5
кӏалъа-балъазе,5
кӏалъа-басабизе,5
кӏалъа-ралъазабизе,5
кӏанцӏур,5
кӏач-кӏачизе,5
кӏвакӏвазабизе,5
кӏванкъа,5
кӏваргьечӏолъи,5
кӏваричӏеб,5
кӏвахӏач,5
кӏветӏ-кӏал,5
кӏеркъезе,5
кӏеркъерухъан,5
кӏибагьаб,5
кӏигъат,5
кӏигӏаркьелаб,5
кӏикъвацӏаб,5
кӏил,5
кӏимухъилаб,5
кӏирекӏараб,5
кӏиркъ-кӏиркъизе,5
кӏкӏалал,5
кӏкӏвенекӏкӏ,5
кӏкӏвени,5
кӏодоэбел,5
кӏоцӏ,5
кӏури,5
кӏурукӏ,5
кӏусур,5
кӏутӏкӏутӏ,5
кӏучӏ,5
кӏущудизабизе,5
кӏущудизе,5
лаборант,5
лаборантка,5
лабч,5
лагӏдезабизе,5
лайла,5
лакълакъ,5
лапур,5
ларёк,5
ластик,5
лахӏзаталъ,5
лахӏмагьари,5
лезги,5
ленинизм,5
либерал,5
лилия,5
лимузин,5
лингвистикияб,5
линкор,5
линолеум,5
линотипист,5
линотипистка,5
липлипчирахъ,5
лирика,5
лукъма,5
лъаб-лъаб,5
лъаббагьаб,5
лъаббохилаб,5
лъабрикьи,5
лъадакъаб,5
лъалу,5
лъамачизабизе,5
лъамачизе,5
лъарагӏаб,5
лъарамухъ,5
лъахь-лъахьи,5
лъекъаб,5
лъелъерлъизе,5
лъикӏаб-квешаб,5
лъилъи,5
лъимерлъуда,5
лълъетӏахъан,5
лъойго,5
лъугъур,5
лъутӏхӏараб,5
лъухъ,5
лётчица,5
магълъи,5
магъриб,5
магьдидарай,5
магӏарулай,5
магӏимухъал,5
магӏихъан,5
мажусиязулаб,5
мажусиял,5
мазачи,5
мазлум,5
майданаб,5
майданлъи,5
маймун,5
майорлъи,5
макинтош,5
макручилъи,5
макънал,5
макъсуд,5
макьитӏа,5
макьихӏама,5
малахит,5
малла,5
малъ-хал,5
малъкӏвикӏекьаб,5
мамлакат,5
мамонт,5
манакӏо,5
мангъал,5
манёвр,5
мархьу,5
масал,5
масдар,5
масжид,5
масихӏ,5
маслигӏатчи,5
мастика,5
мастӏи,5
масхарагъине,5
масхарачи,5
масхӏу,5
материалист,5
махсара-хочӏ,5
махсарагъине,5
маххулнухлулав,5
махщелгьечӏ,5
махщелчилъи,5
махӏакӏо,5
махӏкама,5
махӏкамат,5
махӏниги,5
махӏшар,5
мацӏигъине,5
мацӏихъанлъи,5
мачӏгорахь,5
мачӏикьго,5
мачӏукъехь,5
машиначи,5
машинистка,5
машрикъ,5
маёвка,5
медпункт,5
меседил,5
месехо,5
металлист,5
метис,5
методика,5
метрика,5
мигьтар,5
миккицӏулакьо,5
микьилаб,5
миллатчи,5
минбар,5
миномётчи,5
мискъал,5
михъилав,5
михъич,5
михӏраб,5
можо,5
моцӏгӏанасеб,5
моцӏлъар,5
мугьмалго,5
мударис,5
мужукъ,5
музрахъ,5
музыкачи,5
мукъраниб,5
мукъулукъилаб,5
мукӏурлъи,5
мурувалъи,5
мутагӏилун,5
мухбирлъи,5
мучахине,5
мучӏдул,5
мучӏи,5
мушдукӏ,5
мушкӏа,5
муштарияв,5
наборщик,5
навигация,5
нагагь-надираб,5
нагӏадалачи,5
нагӏанабатад,5
наиблъи,5
накълу,5
накӏкӏ-цӏа,5
накӏкӏуяб,5
наладчик,5
наладчица,5
нану,5
насихӏатчӏужу,5
насх,5
натӏихӏ,5
наушник,5
нахъбахъизабизе,5
нахъбилълъиналъулаб,5
нахъбуссин,5
неграл,5
нижер,5
нипакъ,5
нисулъгурга,5
нисулъхинкӏ,5
нитрат,5
нихь,5
нихьва,5
ногъай,5
нодокаб,5
номинатив,5
нормировщик,5
нормировщица,5
ноябралъулаб,5
нукътӏа,5
нусабго,5
нусабилеб,5
нусцӏул,5
нухтӏалъи,5
нухуд,5
нуцалчи,5
няня,5
оазис,5
обелиск,5
обзорнияб,5
обкатка,5
облисполком,5
облицовщик,5
огъоквер,5
оккупациялъулаб,5
олифа,5
омен,5
омоним,5
омонимияб,5
онкология,5
опиум,5
орангутанг,5
осьминог,5
офсет,5
пагода,5
падар,5
пайдагьечӏ,5
пайчи,5
палестинал,5
памятка,5
панама,5
пансионат,5
папоротник,5
парабола,5
парадигма,5
параллель,5
парапет,5
парсахъ,5
партизанка,5
партийнияб,5
пархен,5
пасак,5
пасикъаб,5
паспортазулаб,5
пассаж,5
патва,5
патронник,5
патронташ,5
педагогияб,5
педуниверситет,5
пекарня,5
пенкьели,5
пенсионер,5
перчин,5
петерчи,5
пещтӏеро,5
пиало,5
пианистка,5
пикъгьи,5
пинта,5
пионервожатый,5
пионерка,5
пипетка,5
пирдавус,5
пиригьукъ,5
пируза,5
пицӏцӏихине,5
пичч,5
планерист,5
планировщица,5
планияб,5
планшет,5
плацдарм,5
подполковниклъи,5
политехникум,5
полициялъулав,5
полковниклъи,5
полох,5
полякай,5
помещица,5
портвейн,5
португал,5
почтамт,5
поэтасул,5
поэтесса,5
практикант,5
председательлъи,5
президентлъи,5
прейскурант,5
принц,5
провинциалияб,5
программияб,5
проектировщик,5
проектировщица,5
пролог,5
промтовар,5
профбилет,5
профбюро,5
профгруппа,5
профилактикияб,5
профтехучилище,5
проявитель,5
психиатрия,5
пударухъанлъи,5
пулемётчи,5
пулхен,5
пургун,5
пуркъан,5
пурсат,5
пурчч,5
пылесос,5
рагьухъе,5
рагӏ-мач,5
рагӏукъаб,5
радиокомитет,5
радиола,5
радиолампа,5
радиофикация,5
разведчица,5
разгон,5
рази-ракилъизаризе,5
рази-ракилъизе,5
раис,5
райвоенкомат,5
ракагӏат,5
ракьанлъи,5
ракьукъаб,5
ракьухӏапара,5
ракӏбацӏцӏадаб,5
ракӏбацӏцӏадго,5
ракӏквешлъи,5
ракӏчӏей,5
ралъдалгарцӏ,5
ралъдалчу,5
рапирист,5
рас-муч,5
раса-цӏалкӏу,5
расизм,5
расизмалъулаб,5
раунд,5
рахсал,5
рахъдакьераб,5
рахъел,5
рачӏкӏичӏ,5
реализмалъулаб,5
ревизионияб,5
ревлюционияб,5
регистрациялъулаб,5
резиденция,5
рекен,5
реконструкция,5
ректорат,5
рекьа-рухъи,5
рекьарухъанлъи,5
рекӏетӏа,5
ремонтёрлъи,5
репрессия,5
реставрациялъулаб,5
рефрижиратор,5
рехъел,5
рещтӏада,5
рижаликъаб,5
рикӏкӏ,5
рисование,5
риторикияб,5
риха-хвазе,5
рихъел,5
рияъчи,5
рорцалаби,5
росу-ракь,5
росуцоял,5
рохьихъанлъи,5
роцухъабакь,5
роччен,5
ругӏунцӏибил,5
рузнама,5
рукъ-рукъалъуб,5
рукъбакьулъ,5
рухӏ-хӏал,5
рухӏанияб,5
рухӏанияв,5
сангӏат,5
санитар,5
санитарка,5
санузел,5
сахъав,5
сахӏир,5
сбербанк,5
сванал,5
свелека,5
сезесеб,5
секретариат,5
секретарьлъи,5
селсел,5
семантика,5
сентименталияб,5
сентябралда,5
сепаратизм,5
сивак,5
сивурукъ,5
силияб,5
символикияб,5
симметрияб,5
синагога,5
синонимияб,5
синхронияб,5
сионистазулаб,5
сират,5
сиратӏ,5
сирт,5
сиртӏи,5
сифилис,5
сихӏручилъи,5
сихӏручӏужу,5
скарлатина,5
скафандр,5
складчи,5
словакал,5
соб,5
совмин,5
согӏго,5
солдатгӏаба,5
сордойил,5
сотня,5
софа,5
социал-демократия,5
социал-демократияб,5
ссуно,5
стабилизатор,5
ставрида,5
стажёрлъи,5
стенографист,5
стилистика,5
стипендиатка,5
стратегиялъулаб,5
сукурникӏва,5
сули,5
сун-суни,5
сургимахх,5
сурмазабизе,5
сурмамикки,5
суртахта,5
сутер,5
сутка,5
суфичи,5
табун,5
тавпикъ,5
тавухан,5
тажал,5
тажикал,5
таксичи,5
такъва,5
талихӏ-рохел,5
талихӏкъос,5
тампон,5
танкер,5
тантикъаб,5
тапсил,5
тарбиячӏужу,5
тарс,5
татав,5
тахьтахь,5
телеграфистка,5
телескоп,5
телефонист,5
тене-хьеней,5
теннисист,5
терхеро,5
тильда,5
тир,5
тири,5
толо,5
топография,5
топоним,5
топонимика,5
трактористка,5
триер,5
труппа,5
ту-тузе,5
тувадахълъи,5
тункизабизе,5
тураза,5
туркав,5
туркменал,5
тутия,5
тутунтамахьо,5
тӏабиб,5
тӏагъди,5
тӏадвелъанхъизе,5
тӏадгокквезе,5
тӏаде-тӏаде,5
тӏадебазе,5
тӏадежо,5
тӏадепулхизе,5
тӏадецӏикӏкӏел,5
тӏадчӏвазе,5
тӏасажо,5
тӏасаккезе,5
тӏасанворчӏизе,5
тӏасарукъ,5
тӏенкӏел,5
тӏере-беэнаб,5
тӏеренхалатаб,5
тӏехӏаб,5
тӏинкъур,5
тӏобитӏи,5
тӏомохьит,5
тӏоргъолав,5
тӏохӏок,5
тӏуба-гъубазабизе,5
тӏуртӏудизабизе,5
тӏурччибухъ,5
увертюра,5
углеводород,5
угольник,5
узданго,5
узданлъизе,5
украинай,5
улагъине,5
ультимативияб,5
унгоха,5
унта-щокълъи,5
урба,5
утар,5
ухи,5
ухъаб,5
фагот,5
факсимиле,5
фальцовщик,5
фартук,5
фельдмаршал,5
фельдшерлъи,5
физиотерапия,5
физкультурница,5
финансазулаб,5
финка,5
фонема,5
фонендоскоп,5
фонограф,5
форт,5
фосфат,5
фотожурналист,5
фотокамера,5
фотокарточка,5
фотолаборатория,5
фотомонтаж,5
фоторепортаж,5
фотоэтюд,5
фразеология,5
фракциялъулаб,5
фронталъулаб,5
фтор,5
футболист,5
футуризм,5
хабар-кагъат,5
хабарчи,5
хадуб-цебе,5
хадучӏезе,5
хал-шал,5
халикъ,5
хамалаг,5
хантӏан,5
харанги,5
хартия,5
харш,5
хасалихъеролъ,5
хаселалъ,5
хаси,5
хатӏар,5
хатӏаяб,5
хачаво,5
хачадизабизе,5
хачӏ,5
хважайка,5
хвалчаби,5
хваразурухӏ,5
хвах,5
хвачи,5
хвелгьечӏеб,5
херх,5
хехдаро,5
хилап,5
хиса-баси,5
хисардизабизе,5
хиянатчилъи,5
хлорофилл,5
хочӏ-хабар,5
христианай,5
хроникалияб,5
хронология,5
хулхули,5
хума,5
хур-хер,5
ххвалиего,5
ххвел-кӏеч,5
хъабало,5
хъабхъигӏарщ,5
хъалин,5
хъамало,5
хъамалчилъи,5
хъарахъзаз,5
хъарцин,5
хъасдезабизе,5
хъатгӏанасеб,5
хъахӏбахана,5
хъахӏбер,5
хъахӏилзоб,5
хъахӏилккараб,5
хъахӏилкьераб,5
хъвавул,5
хъваш-баш,5
хъващтӏан,5
хъвезежо,5
хъвехъаризе,5
хъвехъаричи,5
хъебет,5
хъегӏело,5
хъесеро,5
хъещтӏезабизе,5
хъизан-лъимал,5
хъитӏ-хъитӏизабизе,5
хъулухъчилъи,5
хъумуз,5
хъункӏ,5
хъунхъуни,5
хъурайсен,5
хъухъадухъан,5
хьацӏ,5
хьачӏураб,5
хьвархьвадизабизе,5
хьвацӏацӏибил,5
хьвача,5
хьетӏи,5
хьиндалал,5
хьихьи,5
хьондалаб,5
хьулхьудизабизе,5
хьурут,5
хьуцӏузе,5
хӏабашиял,5
хӏабс,5
хӏабсалат,5
хӏава,5
хӏажа,5
хӏажияв,5
хӏайванмахӏаб,5
хӏайиз,5
хӏалакахъдизабизе,5
хӏалакъ,5
хӏалхъублъизе,5
хӏалхьияб,5
хӏамагъанкъ,5
хӏамагӏаларча,5
хӏамамчи,5
хӏамикӏучӏ,5
хӏамисур,5
хӏанкӏач,5
хӏанц,5
хӏанчӏезабизе,5
хӏапдезабизе,5
хӏапу,5
хӏатӏилицӏго,5
хӏатӏхӏалаб,5
хӏацӏади,5
хӏелхӏел,5
хӏелхӏелдач,5
хӏиван,5
хӏинчӏ-къед,5
хӏисабалъулаб,5
хӏоло,5
хӏулизабизе,5
хӏунщли,5
хӏуржа,5
хӏухьлагъине,5
цадахълъел,5
цебекквел,5
цеетел,5
церехъаби,5
цилгӏин,5
циркулярияб,5
цотӏалаяб,5
ццидаллъизе,5
цӏадал,5
цӏакал,5
цӏамгӏалаб,5
цӏамулъим,5
цӏаргӏа-цӏа,5
цӏилъи,5
цӏолбохъан,5
цӏолбохъанлъи,5
цӏукӏалъи,5
цӏурабакь,5
цӏурмал,5
чаба,5
чагъаначи,5
чайгъуд,5
чалухъаб,5
чамгӏалаб,5
чара-гъараб,5
чарчараб,5
частушка,5
чвалтанус,5
чверек,5
челтир,5
ченхъезабизе,5
чергесал,5
чехь-бакь,5
чидал,5
чиновниклъи,5
читальня,5
чохьок,5
чугунчи,5
чулахъ,5
чулахълъизе,5
чум,5
чумартаб,5
ччугӏби,5
чӏаголъи,5
чӏамалакӏ,5
чӏанда-хабар,5
чӏар-чӏахӏ,5
чӏахъине,5
чӏахӏа-махӏаяб,5
чӏахӏалъизабизе,5
чӏачӏа,5
чӏвабахине,5
чӏвагъ,5
чӏвадаризе,5
чӏванкӏиялда,5
чӏвар-чӏвадизабизе,5
чӏваркьан,5
чӏваркьун,5
чӏегӏернакӏкӏ,5
чӏегӏерхӏалтӏухъан,5
чӏегӏерцӏвак,5
чӏедерхалатаб,5
чӏемегӏ,5
чӏинтӏи,5
чӏири-къвара,5
чӏорто-къехь,5
чӏугъ,5
чӏухь,5
чӏухӏдаризабизе,5
шаг,5
шагьатнама,5
шаклу,5
шампанское,5
шартӏатӏ,5
шигӏитал,5
шикаят,5
шифоньер,5
шлюпка,5
шортал,5
шоссе,5
шотландияй,5
шпионка,5
шприц,5
штраф,5
шурпа,5
щагъадизабизе,5
щайдай,5
щакдаризабизе,5
щакдарухъан,5
щап-щапун,5
щийдай,5
щийниги,5
щонщо,5
щубокӏон,5
щугояб,5
щулатаб,5
щурунтӏагъур,5
эбги,5
эбел-лъимал,5
эвги,5
эвгияли,5
эволюция,5
эволюцияб,5
экваторияб,5
экспедициялъулаб,5
электромеханик,5
электромеханикияб,5
электропоезд,5
эпиграмма,5
эпиграф,5
эрменияв,5
эскадрилья,5
этажерка,5
этимология,5
эхедемухъ,5
эщтӏезабизе,5
юшан,5
як,5
якъия,5
якьина,5
ярд,5
яриман,5
ярмако,5
ясай,5
ясгӏадан,5
ятаб,5
яхӏ-махӏ,5
Аваристан,4
Верховный,4
Гӏачинух,4
Гӏуж,4
Жадю,4
Забур,4
абаб,4
абад,4
абазинал,4
абахъ,4
абицар,4
абона,4
абтар,4
абундаччи,4
абхаз,4
абхазав,4
абхазай,4
аварав,4
аварай,4
авго,4
августалъулаб,4
авиатехник,4
авиатор,4
австралияв,4
австралиял,4
австралиялъулаб,4
австрияв,4
австриялъулаб,4
агентлъи,4
агитаторлъи,4
агроминимум,4
агрономлъи,4
агъазгьечӏ,4
агъачхъумуз,4
агъуз,4
агьи,4
агьи-угьи,4
агьлу-тухум,4
аджар,4
аджарав,4
аджарай,4
адъютантлъи,4
азаликун,4
азалияб,4
азархӏетӏ,4
азербайжанав,4
азербайжанай,4
азиялъулаб,4
азоталъулаб,4
айгъурлъи,4
айлулу,4
айран,4
айрипалан,4
академиклъи,4
активист,4
активистка,4
акушеркалъи,4
алалай,4
аланж,4
албанияв,4
албухари,4
алго,4
алебастр,4
алжирав,4
алиментчи,4
аллитерация,4
алмасаб,4
алтаяв,4
алтаялъулаб,4
амахваяб,4
амбулаторияб,4
американай,4
ампер,4
амперметр,4
амру-васият,4
амру-нагью,4
амручи,4
анатом,4
ангар,4
анжилар,4
анищ-къасд,4
анкьбекараб,4
анкьгъат,4
анкькӏач,4
анлъбокӏонаб,4
анлъкилищ,4
анлънусиялда,4
антифашист,4
анцӏгогӏан,4
аптекарьлъи,4
араб-хвараб,4
арбагӏалъ,4
арбахӏаб,4
арест,4
ариш-бариш,4
арканал,4
арктикияб,4
армиялъулаб,4
артистлъи,4
архитекторлъи,4
ас,4
асаб,4
асад,4
асатӏинав,4
асатӏинай,4
аспирантка,4
аспирин,4
афгъанав,4
ах-хур,4
ахирарбагӏ,4
ахирзаман,4
ахча,4
ахътерек,4
ахӏулгама,4
ачгъич,4
ачухӏалаб,4
ашазе,4
ашкараб,4
бабу,4
багьадукъаб,4
багьана-гӏайиб,4
багӏа-бакараб,4
багӏаргӏаларча,4
багӏардакъ,4
багӏаркӏкӏуяб,4
багӏартӏегь,4
багӏархӏатӏ,4
багӏарчӏакӏултӏан,4
багӏасдо,4
багӏнас,4
бажари-гьунар,4
бажари-махщел,4
бажаригьечӏ,4
бажу,4
базагъу,4
базарганлъи,4
базаркъватӏ,4
базаркъо,4
базархӏакъ,4
байрамкъо,4
байрахъчӏужу,4
бакки,4
бактериология,4
бактериологияб,4
бакъалбазар,4
бакъан-квара,4
бакъанимех,4
бакъгӏадаб,4
бакъхӏалаб,4
бакьалхарцӏ,4
бакьбучч,4
бакьинилан,4
бакьулъбакӏалда,4
балагь-гӏазаб,4
балагь-гӏакъуба,4
балагьбачӏад,4
балагьчи,4
балкар,4
балкарав,4
балкарай,4
балта,4
балъадухъан,4
банкирлъи,4
барахщадго,4
бардах,4
баркат-хайир,4
бартичу,4
бартурахъ,4
барщахараб,4
барщудхьараб,4
басандо,4
басико,4
баскетболист,4
баскетболистка,4
басрател,4
басри-магӏияб,4
батухъе,4
батӏрикъ,4
баха-толеб,4
бахил,4
бахча-хьвай,4
бахъухъ,4
бахьи,4
бахьикъосад,4
бахьингӏи,4
бахьлъор,4
бахӏарлъи,4
бахӏбакӏо,4
бацӏилаб,4
бацӏмахӏаб,4
бацӏцӏунго,4
бачавехьлъи,4
баччизабизе,4
башкирай,4
башмакъчи,4
баща-бакъадаб,4
бащалъи,4
баяр,4
бебечу,4
бегӏерлъизабизе,4
бежилажо,4
бежукъаб,4
белорусай,4
белъукъаб,4
бельгияв,4
бельгияй,4
бельгиял,4
бельгиялъулаб,4
бералгьетӏ,4
бералцӏахӏил,4
бералчӏегӏер,4
бергӏеличӏал,4
беркӏалрацӏцӏ,4
берсен,4
бертин-той,4
бесдалай,4
бесдалмахӏо,4
бетӏербекад,4
бетӏербухь,4
бетӏерчи,4
беццагӏункӏкӏ,4
беццаруз,4
беццлъи,4
бецӏагӏаб,4
бецӏккараб,4
бечекъинлъ,4
бечемахӏаб,4
бечӏа-гедазе,4
биби,4
библиотекарьлъи,4
бигъа-гъвазе,4
бигьа-бихъаяб,4
бидгӏачи,4
бидия,4
бизбизараб,4
бикри,4
бикъ,4
бикъ-цӏогь,4
биографиялъулаб,4
бихьа-лъараб,4
бихьин,4
бихьинхъахӏба,4
бихьу-тӏерхьуда,4
бичиргъан,4
биччанте,4
бичӏчӏ,4
богогьанлъи,4
богӏокъаб,4
богӏоч,4
божа-рокьи,4
бокьаникълъи,4
бокьарабгӏан,4
болгарав,4
болгарай,4
болгариялъулаб,4
болмацӏ,4
бологӏоркь,4
большевикияб,4
боргьараб,4
боржаро,4
борохьхӏалаб,4
борхизаби,4
борхьикъали,4
борхьилаб,4
борхьихъал,4
боцӏолъго,4
бригадирлъи,4
бронепоезд,4
бугъаз,4
будун-дибир,4
будунлъи,4
буза,4
бузхана,4
букъарулеб,4
букъдуч,4
букӏунареб-лъугьунареб,4
булахъ,4
булгъар,4
булугъ,4
булук,4
булхъа,4
бумат,4
бурди-гӏантӏ,4
бурдичӏвай,4
бурма,4
бурмахӏутӏ,4
буртӏинкилищ,4
буругъчи,4
бурят,4
бурятай,4
буссинабурав,4
бусурманчӏужу,4
бутунго,4
бутӏадулай,4
буфер,4
бухгалтерлъи,4
бухьенчи,4
бухӏилаго,4
буюр,4
вав,4
вагӏур,4
вархан,4
варшавхьвацӏа,4
васвасчи,4
васвасчӏужу,4
ватӏанцояв,4
ватӏанцояй,4
вахчарухъан,4
вахьналъи,4
вацасулаб,4
вацгӏаллъи,4
ващи,4
векьарухъанлъи,4
венгрияй,4
ветеринария,4
ветеринарлъи,4
вирулагь,4
вукъардухъан,4
вухъарухъан,4
вьетнамав,4
вьетнамай,4
гагали,4
гад,4
гадахӏ,4
газа-раххан,4
газгьукъ,4
газет-журнал,4
газетчи,4
галош,4
галъ,4
гамажу,4
гамачӏ-хӏарщ,4
ганаби,4
ганзир,4
гап,4
гапилаб,4
гарапин,4
гаргарчи,4
гардавай,4
гарцӏаб,4
гарцӏал,4
гачхӏалаб,4
гважидуниял,4
гважимахӏаб,4
гвандиро,4
гванзкуй,4
гведек,4
гезмачи,4
гелбахъ,4
гени-гӏеч,4
германи,4
гермес,4
герцогиня,4
герцоглъи,4
гестапо,4
гиназ,4
гитлерилаб,4
гичир,4
глаголияб,4
глюкоза,4
гозогъарт,4
голландияв,4
голландияй,4
голъек,4
гом,4
гомогккараб,4
гонцӏахараб,4
горбокъаб,4
горцӏо,4
гохӏ-щоб,4
гоч,4
гочру,4
гочӏма,4
гранатомёт,4
графиня,4
графлъи,4
грек,4
грекай,4
губернаторасул,4
губернаторлъи,4
губерния,4
гудер,4
гуду,4
гужгатулав,4
гузаги,4
гургадиро,4
гурги-шушинаб,4
гуреблъидал,4
гуржияв,4
гуржияй,4
гуржиял,4
гурхӏелаб,4
гурцӏкари,4
гурцӏтути,4
гуталин,4
гъаба,4
гъавгъачи,4
гъадаро-суркӏа,4
гъадаробер,4
гъазма,4
гъаймахъ,4
гъалараб,4
гъалгъаяв,4
гъалгъаяй,4
гъалтахъчи,4
гъалтугъ,4
гъамиллъи,4
гъанситонус,4
гъанчеро,4
гъапулаб,4
гъапучи,4
гъаравашлъи,4
гъараз,4
гъарамухъ,4
гъарачаяв,4
гъарачаяй,4
гъараязул,4
гъарзилбекӏаб,4
гъарин-мискин,4
гъаринлъи,4
гъармухъ,4
гъастӏабакӏ,4
гъастӏакквел,4
гъвалдар,4
гъванилго,4
гъванки-дваргъи,4
гъванщил,4
гъванщу,4
гъванщулъи,4
гъварза,4
гъварза-къоно,4
гъваркь-гъваркьи,4
гъвес-кӏварщ,4
гъедило,4
гъежтӏакӏичӏал,4
гъелдареч,4
гъенчи,4
гъизилбаш,4
гъийинчи,4
гъилди,4
гъин,4
гъиндуро,4
гъирачи,4
гъирачилъи,4
гъиргъич,4
гъогъогьан,4
гъодогӏоркь,4
гъоркь-тӏад,4
гъоркьакӏветӏ,4
гъоркьечӏей,4
гъоркьисаялдаса,4
гъоркьмес,4
гъорлъанворчӏ,4
гъосооцхӏут,4
гъоцӏояб,4
гъугъади,4
гъудрулчӏикӏ,4
гъул,4
гъулухьаб,4
гъункар,4
гъурбат,4
гъурсахъ,4
гъушчи,4
гьабигьанлъи,4
гьавали,4
гьагъабеле,4
гьадабеле,4
гьадале,4
гьадинаб-додинаб,4
гьайкӏлаби,4
гьакихъанлъи,4
гьакълихъан,4
гьалал,4
гьалъабеле,4
гьанакъаб,4
гьаналъхӏинкӏ,4
гьанаркӏо,4
гьандал,4
гьандуз,4
гьанжелъагӏан,4
гьанжеса,4
гьанчук,4
гьаракь-мохъ,4
гьари-дугӏа,4
гьари-кванай,4
гьаркьинаб,4
гьацӏугӏучӏ,4
гьацӏукьераб,4
гьаят,4
гьвекеро,4
гьвелрахь,4
гьвелрачӏ,4
гьвелтӏутӏ,4
гьебгощинаб,4
гьегӏел,4
гьедигӏанасеб,4
гьединлъидалин,4
гьекъел-бакъ,4
гьекъолдухъанлъи,4
гьелчеро,4
гьелъул,4
гьерсал,4
гьесул,4
гьетел,4
гьетӏ,4
гьетӏнус,4
гьецӏодукъаб,4
гьецӏохӏалаб,4
гьидаят,4
гьижа,4
гьикъ-цӏех,4
гьинта,4
гьирияв,4
гьирияй,4
гьирк,4
гьобол-чи,4
гьоболай,4
гьойлъи,4
гьокочилъи,4
гьохтиро,4
гьу,4
гьуинлъаби,4
гьуинцӏекӏаб,4
гьулияб,4
гьулъуба,4
гьулъубеле,4
гьумерччукӏад,4
гьунаркъвал,4
гьундул,4
гьура-гьарай,4
гьури-муччи,4
гьучак,4
гьуърултурад,4
гӏабадулав,4
гӏабдалхана,4
гӏабурикӏлъи,4
гӏавамлъи,4
гӏавамхалкъ,4
гӏага-божарал,4
гӏад-хочӏаб,4
гӏадилал,4
гӏадхай,4
гӏажалгъад,4
гӏажамияв,4
гӏажуж-мажуж,4
гӏаздакъаб,4
гӏазу-пуй,4
гӏазухӏалаб,4
гӏакатохтир,4
гӏакдачехь,4
гӏаксахун,4
гӏакълу-насихӏат,4
гӏала-тайи,4
гӏалагъважачи,4
гӏалимчилъи,4
гӏалимчӏужу,4
гӏалхулай,4
гӏамагӏ,4
гӏамалквеш,4
гӏамалкӏодого,4
гӏамирчупан,4
гӏангилиг,4
гӏангис,4
гӏангисаб,4
гӏангурбацӏ,4
гӏангурцӏцӏе,4
гӏандус,4
гӏанкӏикӏветӏ,4
гӏанкӏиликӏиличӏ,4
гӏанкӏилукӏучӏ,4
гӏанкӏиракӏ,4
гӏанлъеро,4
гӏансакӏутӏ,4
гӏансачи,4
гӏансилав,4
гӏарабияй,4
гӏарзадухъан,4
гӏарзачилъи,4
гӏаркӏан,4
гӏарцал,4
гӏарцумаххал,4
гӏасимат,4
гӏаскар,4
гӏатӏакъаб,4
гӏахьучӏчи,4
гӏачи-бачал,4
гӏачивехьлъи,4
гӏашират,4
гӏебу-рукӏкӏен,4
гӏедегӏел,4
гӏедерго,4
гӏекк,4
гӏелилав,4
гӏеллъи,4
гӏелму-лъай,4
гӏелун,4
гӏеме-гӏемер,4
гӏеме-гӏемераб,4
гӏергӏери,4
гӏерекъхӏалаб,4
гӏерекъчакар,4
гӏертӏикъвал,4
гӏертӏикькквел,4
гӏерулаб,4
гӏехьел,4
гӏи-боцӏухъанлъи,4
гӏиву,4
гӏилла-сабаб,4
гӏиллигун,4
гӏин-квачӏ,4
гӏинзукъаб,4
гӏинкъвар,4
гӏинкъуч,4
гӏинлъир,4
гӏинтӏахер,4
гӏиракъалъулаб,4
гӏисинхатӏ,4
гӏисинхинкӏал,4
гӏишкъу-гъира,4
гӏишкъу-шавкъ,4
гӏогӏо-мочӏо,4
гӏод,4
гӏод-гӏодун,4
гӏодо-зодобе,4
гӏодобегӏанлъи,4
гӏодобмес,4
гӏокьоб,4
гӏолохъанчӏужу,4
гӏонкӏкӏоцӏулакьо,4
гӏоргазе,4
гӏордоло,4
гӏорхъи-ссан,4
гӏорхъицояб,4
гӏорцӏенмахӏаб,4
гӏочӏаб,4
гӏочӏокӏо,4
гӏощтӏолав,4
гӏуж-куц,4
гӏузруяб,4
гӏукӏула,4
гӏумра,4
гӏундулхалат,4
гӏунжи,4
гӏункӏкӏхӏинчӏ,4
гӏункӏрукьсвери,4
гӏурулхӏанкъва,4
гӏурусай,4
гӏурусалъ,4
гӏурусгъаран,4
гӏурусмушкӏа,4
гӏуруснилъ,4
гӏуруснух,4
гӏурчи,4
гӏурччинцарагьой,4
гӏусал-цаби,4
гӏут,4
гӏути,4
дабгъибакӏ,4
давар,4
давлат,4
давлатияв,4
давшан,4
дагъистанияв,4
дагъистанияй,4
дагӏба-гӏарза,4
дадирухьен,4
дадитӏалъел,4
даира,4
дак,4
дакъикъа,4
далайчи,4
далакьегийин,4
даллалчилъи,4
далухана,4
дана-мана,4
дандалакӏучӏ,4
дандерачин,4
дандерек,4
дандияб,4
дандияй,4
дандчӏвай,4
данияв,4
данияй,4
данка,4
дарай-зарбаб,4
дарги,4
даргияв,4
дарзияв,4
дармантӏагӏин,4
дарран,4
дару-дарман,4
дарчин,4
дахӏабаба,4
дашбаш,4
двар-двар,4
дваргъи-гӏанхъи,4
дваргъи-дванки,4
дезертир,4
деканлъи,4
декларациялъулаб,4
демегал,4
демократлъи,4
денгъелабутӏ,4
дергъекьлъел,4
дерецдахӏа,4
джаз,4
джем,4
дзюдоист,4
диабет,4
диагональ,4
дибирлъи,4
диванрукъ,4
диги-диги,4
дигнал,4
дигъил,4
дидаса,4
диктаторлъи,4
дикторлъи,4
дикция,4
дилим,4
динамо,4
динар,4
дингьечӏ,4
дипломник,4
диргъва,4
диргьам,4
директорлъи,4
дирижёрлъи,4
добе-нахъе,4
догит,4
догӏори,4
доцентлъи,4
доярка,4
дудекӏан,4
дуду,4
дуз,4
дулагъал,4
думдуми,4
думма,4
дунгъуз,4
дуниял-гӏалам,4
дуниялалъулго,4
дуниялсур,4
дуниялчек,4
духь,4
душак,4
жагъ,4
жагъир,4
жагьилияб,4
жажалай,4
жазаирав,4
жазаирай,4
жазаирал,4
жазвал,4
жайрахӏ,4
жал-рачӏ,4
жали,4
жамгӏият,4
жами,4
жанаварлъи,4
жандар,4
жаргъи,4
жаркой,4
жвар-жвари,4
жваргъеро,4
жваргъи,4
жвархъи,4
жергъенчи,4
жигӏжигӏдахӏа,4
жимагӏ,4
жимиха,4
жинс-мохъ,4
жинс-рахъ,4
жипу,4
жисму,4
жогъна,4
жокко,4
жубай,4
жубай-бахъи,4
жугьутӏалрих,4
жули-гӏалам,4
жураб,4
заведующийлъи,4
загӏпиран,4
заз-хъарахъ,4
зазакъа,4
зазигӏункӏкӏ,4
зайран,4
зайтун,4
замгьари,4
замгьарияб,4
заместительлъи,4
заназ,4
зангалал,4
занкияб,4
занкъу,4
зарбал,4
зат,4
захӏмалъи,4
захӏматчӏужу,4
защитниклъи,4
звангъ-звангъи,4
зваргъеро,4
звеноводлъи,4
землемерлъи,4
зигардухъан,4
зир-зири,4
зирбан,4
зирун,4
зияратчӏужу,4
зодилкьераб,4
зооинженерлъи,4
зоологияб,4
зоологлъи,4
зоотехника,4
зоотехникияб,4
зузуй,4
зулмучӏужу,4
зунгу,4
зури-зуригат,4
иблис,4
игӏраб,4
игӏтикъад,4
идеалистияб,4
идиоматика,4
ижарачилъи,4
изба-читальня,4
издек,4
икъунат,4
илбислъи,4
имамат,4
имамлъи,4
имангуризе,4
имансиз,4
импортияб,4
имччикӏ,4
инветарь,4
ингилисай,4
ингуш,4
ингушай,4
индеяв,4
индеяй,4
индеял,4
индонезияв,4
индонезиял,4
индусай,4
инкарчи,4
инкъилабчи,4
инсаплъи,4
инсул,4
инсулвахӏид,4
инсухълъи,4
интендантасулаб,4
интентдант,4
инчо,4
иранав,4
ираналъулаб,4
ирга-къоно,4
исбат,4
искусствоялъулаб,4
исландияв,4
исму,4
испанияв,4
истакан,4
италияв,4
иттифакъ,4
ичӏавго,4
ичӏайго,4
ичӏгояй,4
ичӏгоялде,4
иш-макь,4
ишкалатал,4
ишкалик,4
ишкалчи,4
июлалъулаб,4
йог,4
йорчӏухъан,4
йохьарухъан,4
кабардияв,4
кабардияй,4
кабелалъулаб,4
кабинка,4
кавказияв,4
кавказияй,4
кавказиял,4
кагьруба,4
казахай,4
какикьжо,4
какикьтӏам,4
каламичӏ,4
калмыкай,4
камал,4
кани,4
канпит,4
кансилар,4
кантун,4
кантӏогьил,4
канчӏбагӏар,4
канчӏгӏурччин,4
канчӏтӏогьил,4
капир,4
капиталияб,4
каптар,4
каптарбацӏ,4
капурчи,4
капьерист,4
каракалпакай,4
кардинал,4
кардиологияб,4
кардиологлъи,4
карелай,4
кариз,4
каркарараб,4
карц,4
касбу,4
кассационнияб,4
катилаб,4
катихер,4
качественнияб,4
кашпу,4
квадрильон,4
кванимех,4
квараниса,4
кваранисеб,4
квартӏигӏоркь,4
квасугӏарш,4
кведехал,4
квен-къел,4
квен-тӏехалъул,4
квенщи,4
квергӏанасеб,4
кверкьовутӏа,4
квертӏебич,4
кверчӏвазе,4
кверщелчи,4
квешжо,4
квинежо,4
кеп-гӏоркь,4
керенборлъад,4
керентурад,4
кетузаз,4
кетуруз,4
кечел,4
кигӏанго,4
килас,4
киловатт,4
киловатт-сагӏат,4
киловольт,4
килька,4
кина-щинабго,4
кинабаб,4
кинахун,4
киндир,4
кисаялиго,4
кисма,4
китай,4
китаяв,4
кици-бицен,4
кицичи,4
ккам,4
ккап,4
ккара-тараб,4
кквей,4
классификационнияб,4
климат,4
княгиня,4
коалиция,4
кодо-кодобе,4
кодожо,4
кожогьан,4
койокру,4
колонизаторлъиялъулаб,4
колхозияб,4
комбайнерка,4
комбайнерлъи,4
комиссарлъи,4
комиссионнияб,4
комментаторлъи,4
коммунизмалъулаб,4
компартия,4
комсомолав,4
конгрессмен,4
кондитерская,4
кондукторлъи,4
конкурентлъи,4
кономахӏу,4
консуллъи,4
консультантлъи,4
континенталияб,4
контролёрлъи,4
конфедерация,4
кореяв,4
коробакӏ,4
корректорлъи,4
корреспондентазулаб,4
кресло-кровать,4
кудари,4
кулаклъи,4
кулпат,4
кума-шумак,4
кумекчӏужу,4
кумурукхана,4
кунамухъ,4
кунта,4
кунчӏеро,4
кунчӏкунчӏхӏапара,4
купру,4
куракутӏакарщ,4
курдай,4
кури,4
курра,4
курчӏу,4
кутанчи,4
кухӏайлан,4
кухӏлу,4
куцквеш,4
къабру,4
къавлу,4
къагьвадулкьераб,4
къагӏидаквеш,4
къагӏидаяб,4
къадалаб,4
къадилъи,4
къажарай,4
къажарал,4
къазилкъвачӏа,4
къазилхӏутӏ,4
къайи-руссен,4
къакъа,4
къакъач,4
къаламтӏар,4
къали-сахӏ,4
къалияр,4
къамар,4
къанбухь,4
къанцӏахӏалаб,4
къанщ-къанщ,4
къаппа-саппараб,4
къарагъ,4
къаранпил,4
къаргъа,4
къарзчи,4
къари,4
къарнай,4
къарун,4
къасабхана,4
къасдекунчӏ,4
къасидат,4
къатӏулик,4
къахӏазе,4
къацалаб,4
къвакӏ,4
къвакӏи,4
къвалзуниб,4
къвалхалат,4
къваригӏараб,4
къварилъи-гӏатӏилъи,4
къвартӏа,4
къварцӏ,4
къварцӏи,4
къватӏалмерхь,4
къватӏибакӏ,4
къвачӏачи,4
къвачӏилав,4
къвекӏчараб,4
къедаллъи,4
къей-бергьин,4
къелаб,4
къеперо,4
къереро,4
къеркьарухъан,4
къинтӏиро,4
къинцӏел,4
къира-цӏири,4
къираллъи,4
къирмиз,4
къобухӏ,4
къойидаса-къойиде,4
къокъид,4
къолотӏилал,4
къономахӏаб,4
къоркъодахӏа,4
къоркъотӏамах,4
къохьомилица,4
къохьоч,4
къулгьу-алхӏам,4
къундуз,4
къутӏбу,4
къутӏуш,4
къуччах,4
къуш,4
кьагӏрилдахӏа,4
кьай,4
кьакьа,4
кьалакапек,4
кьалухъан,4
кьвагьеродахӏа,4
кьватӏалаби,4
кьватӏи,4
кьегӏермахӏаб,4
кьемгӏер,4
кьер-мухъ,4
кьерхадулаб,4
кьерхач,4
кьерхен-роцӏен,4
кьерцсинаб,4
кьибилаб,4
кьикьи,4
кьикьидиро,4
кьилимугъ,4
кьину,4
кьинчӏборохь,4
кьовул,4
кьолохъан,4
кьохьоч,4
кьурук,4
кьуруражи,4
кьучӏтӏамурав,4
кӏабигӏа,4
кӏакӏо,4
кӏалалъбакӏ,4
кӏалбегӏераб,4
кӏалгӏачи,4
кӏалквеш,4
кӏалкъолаб,4
кӏалкъотӏи,4
кӏалухъчӏа,4
кӏанцӏ,4
кӏанцӏизабизе,4
кӏатӏагъуд,4
кӏатӏахӏчирахъ,4
кӏатӏи,4
кӏатӏкӏатӏ,4
кӏвекьазе,4
кӏелден,4
кӏеродухъан,4
кӏертмахӏо,4
кӏибикӏахъдизе,4
кӏигъуждул,4
кӏигӏаркьел,4
кӏийихъан,4
кӏиликӏгӏадаб,4
кӏилъилай,4
кӏирекӏ,4
кӏисири,4
кӏитӏан,4
кӏитӏу,4
кӏкӏал-къоно,4
кӏкӏал-хъитӏ,4
кӏкӏарахӏалаб,4
кӏкӏвадарухъан,4
кӏкӏуйхӏалаб,4
кӏкӏурба,4
кӏокӏоша,4
кӏорж,4
кӏочӏо,4
кӏукьмахх,4
кӏуркӏури,4
лабчмахӏав,4
лаваш,4
лага-макъар,4
лага-сан,4
лагачергес,4
лагъигьод,4
лагъна,4
лагӏнат,4
лаз,4
лазай,4
лазал,4
лайикъаб-къадараб,4
лайлацӏогьор,4
лакав,4
лам,4
лапз,4
лаплап,4
латвияв,4
латвияй,4
лахӏбакьулъ,4
лахӏбецӏаб,4
лахӏук,4
лахӏушайтӏан,4
лахӏуясикӏо,4
лебаллъи,4
лезгияв,4
лезгияй,4
лезгиял,4
ленинец,4
лепчик,4
лига,4
литваялъулав,4
литваялъулай,4
литературоведение,4
логарифмияб,4
локӏо,4
лоло,4
лонкӏ,4
лъабгӏаркьелаб,4
лъабихъе,4
лъабтӏала,4
лъадалав,4
лъадалирга,4
лъадахъан,4
лъалаби,4
лъаликьнус,4
лъалха,4
лъантӏачӏвай,4
лъарагъеду,4
лъарагӏав,4
лъарагӏай,4
лъаракӏо,4
лъахьи,4
лъвартӏаб,4
лъеде-гъедер,4
лъедеро,4
лъесен,4
лъех,4
лъидир,4
лъикӏаб-тӏокӏаб,4
лъимер-бетӏер,4
лъинча,4
лъихало,4
лълъаратӏажо,4
лълъаратӏарай,4
лълъарчи,4
лъолъохьон,4
лъугьи-рихьи,4
лъунква,4
лъутухъан,4
магъаб,4
магъалоченгел,4
магъигӏел,4
магъущ,4
магьидулаб,4
магӏарзухъа,4
магӏирукъ,4
магӏихъанлъи,4
мада-гъадар,4
мада-гъадараб,4
мадихӏ,4
мадрасхана,4
мадугьал-къед,4
мадугьаллъи-къоно,4
мажал,4
мажмаэл,4
мажусияв,4
мажусияй,4
мазалияв,4
мазар,4
мазгазе,4
мазгарулкьераб,4
мазут,4
маклерлъи,4
максим,4
малай,4
малака,4
малихули,4
маллалъи,4
малъалтӏа,4
малъикъ,4
манзилкъокъаб,4
мантӏикъ,4
маргахӏама,4
маргъалтӏегь,4
маргъалукъ,4
марказияб,4
марксист,4
марсият,4
мархьучи,4
мархӏаба,4
маршаллъи,4
массажчи,4
масхӏумачу,4
математикияб,4
матушкӏа,4
матӏикӏ,4
маузер,4
махх-кӏач,4
маххукьераб,4
махӏбач,4
махӏкамачи,4
махӏквеш,4
мацӏик,4
мачӏубер,4
машгъуллъи,4
машгьурлъи,4
мегеж-бетӏер,4
мегӏеркӏичӏ,4
мекълъи,4
менча,4
мергалрич,4
мергикьлъел,4
месед-гӏарац,4
меседхӏалаб,4
местӏерлъи,4
местӏерна,4
металлург,4
метафора,4
метерлъагӏан,4
методист,4
методистка,4
метонимия,4
мигьаб,4
мигӏраж,4
мизан,4
микрон,4
микьиркурак,4
микьнусабилеб,4
милатчи,4
милитарист,4
милициялъулав,4
миллиардер,4
миллиметр,4
мим,4
мина-мулк,4
мингъва,4
мирзайххам,4
миск,4
мискин-пакъир,4
мисрияв,4
мисрияй,4
мисриял,4
мисриялъулаб,4
миха,4
михир-хоногӏадаб,4
михъалхалат,4
михъалчӏегӏер,4
михъибакӏ,4
михӏмар,4
мичихичал,4
могӏроч,4
можкӏкӏел,4
можрикъаб,4
мокъгӏадаб,4
молдаванав,4
молдаванай,4
монахиня,4
монголай,4
мордовиял,4
моторист,4
мотоциклчи,4
мотӏочӏ,4
моцӏрол,4
мугълекӏ,4
мугь-мучӏ,4
мугькъунцӏ,4
мугьлат,4
мугьмалаб,4
мугӏжизатчи,4
мугӏучӏ,4
мударислъи,4
мудбанка,4
мудир,4
мукагӏаб,4
мукӏус,4
мункараб,4
муртад,4
мусибат,4
мустахӏикъго,4
мутагӏилав,4
мухтарияб,4
мухъ-мухъалда,4
мухъбитӏ,4
мухъилаб,4
мухътӏа,4
мухьдакъаб,4
мухӏлакӏутӏ,4
мухӏур-хӏат,4
муцӏигени,4
муъминчӏужу,4
мягкий,4
наборщиклъи,4
навигатор,4
наводчик,4
нагью,4
нагӏел,4
надзирательлъи,4
нажат,4
назбариш,4
назмучи,4
накъитчи,4
накъишчи,4
накӏкӏукьераб,4
наладчиклъи,4
налъулай,4
намус-яхӏ,4
наргиз,4
нардал,4
нарзан,4
наркомат,4
наркотикияб,4
насибаб,4
насихӏатияб,4
насихӏатчилъи,4
насранияй,4
натижа,4
нахугурга,4
нахукъаб,4
нахула,4
нахухинкӏ,4
наххӏалаб,4
нахъ-,4
нахъ-нахъ,4
нахъа-цебе,4
нахъажо,4
нахъамегъ,4
нахъаххел,4
нахъгӏунтӏи,4
нахъоса,4
нахърателчи,4
нахьахӏараб,4
нахӏсияй,4
нахӏслъи,4
нацӏик,4
начальниклъи,4
невралгия,4
неграй,4
немцав,4
немцай,4
неологизм,4
нервабазулаб,4
низам-тадбир,4
низамнама,4
никельчи,4
никотин,4
нилъумацӏ,4
нихьит,4
нихьу,4
новеллист,4
новеллистка,4
новокаин,4
нодок,4
нодохъахӏаб,4
ноктюрн,4
норвегав,4
норвегай,4
нука,4
нукарлъи,4
нукӏускӏатӏахӏ,4
нун,4
нурдакъаб,4
нус-нусккун,4
нусилаб,4
нусилбетӏерлъи,4
нуситӏала,4
нухлукъаб,4
нухлулай,4
нухӏи,4
обкатчиклъи,4
облицовщиклъи,4
оборонаялъулаб,4
океанология,4
окисел,4
окунь,4
омар,4
омлет,4
омуль,4
онкологиялъулаб,4
онод,4
оперрета,4
оппозициялъулаб,4
оппортунистияб,4
оратория,4
ораторлъиялъул,4
орбиталияб,4
оргкомитет,4
ординарец,4
ординаторская,4
ортодоксалияб,4
орфоэпия,4
орхидея,4
осетин,4
отчёталъулаб,4
охолиса,4
охолролъ,4
охра,4
охранка,4
оцбазе,4
оцбай,4
оцмахӏаб,4
очахъ,4
павиан,4
падарал,4
пазлу,4
пакъирчи,4
палам,4
палан,4
палеонтология,4
палладий,4
палтус,4
палу,4
памфлет,4
панадуниял,4
пандрихъан,4
пандурчи,4
панегирик,4
панзаб,4
панкъала,4
панкӏалакӏач,4
панно,4
пансион,4
пант,4
пантеон,4
пантограф,4
папиросчи,4
папирус,4
папуасай,4
паразит,4
паракъалъи,4
паралич,4
параллелопипед,4
паранжа,4
парафин,4
парашютистка,4
парикмахерлъи,4
парисал,4
паритет,4
паркетчик,4
парламентаризм,4
партизаназулаб,4
парторглъи,4
партстаж,4
партӏан,4
парччахӏлъи,4
пасатго,4
пасахӏат,4
пасахӏатчи,4
пасикъ,4
пасквиль,4
пассажиразулаб,4
пастор,4
пастӏанчи,4
патирпас,4
патишагь,4
патратаб,4
патриархалияб,4
патриотияб,4
патӏих,4
пахру,4
пахьукъебелъи,4
пацифизм,4
пачалихълъи,4
пашлихъ,4
пашмакъал,4
паяльник,4
педагоглъи,4
педагоглъиялъулаб,4
пекарьлъи,4
пенсионерка,4
пепельница,4
пескарь,4
пессимизмалъулаб,4
петека,4
петена,4
петиция,4
пещтӏерухъан,4
пигӏлу,4
пикругьечӏ,4
пикручи,4
пилотка,4
пилотлъи,4
пингвин,4
пиркачик,4
питна-рагӏи,4
питнадулав,4
питначилъи,4
пицӏцӏикъаб,4
пицӏцӏисину,4
пишадукъ,4
пишадукъаб,4
пишадукълъи,4
плагиат,4
плагиатлъи,4
плазма,4
планеристка,4
планировщик,4
плантациялъулаб,4
пластилин,4
плов,4
поварлъи,4
полигон,4
политбюро,4
полицейский,4
посоллъи,4
почтальонлъи,4
поччи,4
поэтика,4
практикантка,4
прапорщиклъи,4
предикат,4
предикативияб,4
предпринимательлъи,4
преподавательлъи,4
призалъулаб,4
принцесса,4
природоведение,4
приставкаялъулаб,4
присяжный,4
причастияб,4
приёмщица,4
проводниклъи,4
прогульщик,4
прогульщица,4
проекция,4
прокурорасулаб,4
прокурорлъи,4
пропагандистлъи,4
прораблъи,4
проректорлъи,4
просветительлъи,4
протоколияб,4
профгруппорглъи,4
профорганизация,4
процентияб,4
процессуалияб,4
пружиназулаб,4
психиатрлъи,4
пудрат,4
пудратчи,4
пунцӏила,4
пурсукъ,4
пуруц-рукь,4
пурцигӏоркь,4
пус,4
пускъупус,4
путина,4
путур,4
пуч,4
пучлъи,4
пуштӏур,4
рагъубацӏ,4
рагъухъанлъи,4
рагьликъаб,4
рагьтӏа-къетӏа,4
рагӏихалат,4
радаллъагӏан,4
радикалазулаб,4
радиосеть,4
радиотехникияб,4
радистка,4
радистлъи,4
ражибух,4
ражипорокъаб,4
разведчиклъи,4
раквибокь,4
ракетчик,4
ракъиккезе,4
ракьа-гьан,4
ракьа-щекӏ,4
ракьамахӏаб,4
ракьахӏалаб,4
ракьула,4
ракьцояв,4
ракӏбахъад,4
ракӏбащалъи,4
ракӏборлъад,4
ракӏбохад,4
ракӏквешаб,4
ракӏкъотӏад,4
ракӏхъубаб,4
ракӏчӏегӏераб,4
рапиристка,4
расанди,4
расмеседилаб,4
расукъаб,4
расурукъ,4
расцин,4
ратуша,4
ратӏликъ,4
ратӏликъаб,4
рафинад,4
рахан-къан,4
рахъубахъ,4
рахъухӏалаб,4
рахьбос,4
рахьдакъаб,4
рахьдатӏакарщ,4
рахьрекӏараб,4
рахӏат-хӏалхьи,4
рахӏматаб,4
рахӏмугьечӏ,4
рахӏмучи,4
рацӏцӏунисаквер,4
реализация,4
реанимация,4
ревизорлъи,4
ревлюционерка,4
революция,4
регъел,4
регьелхӏалаб,4
режиссёрлъи,4
резел,4
рекордсменка,4
ректорлъи,4
рекъуч,4
рекьари,4
рекьмахх,4
рекӏин,4
релълъун,4
рентгенологлъи,4
репатриант,4
репатриантка,4
репатриация,4
репетиторлъи,4
репортёрлъи,4
республикияб,4
ретӏел-тӏех,4
реферативияб,4
референтлъи,4
рехизабизе,4
рехъеб,4
рецаро,4
рецензентлъи,4
рецептура,4
реч,4
рибачилъи,4
ригьдагояб,4
ригьин-цӏа,4
ризилага,4
риидалалде,4
рикӏидуниб,4
рикӏкӏкьогӏаб,4
риссу,4
рихьи-цӏул,4
ричӏадаб,4
ришватчилъи,4
рогъо,4
рогӏокъаб,4
рогӏокълъи,4
родел,4
рокьи-кьал,4
рокьоб,4
рокьухъан,4
рокӏкӏен-кун,4
ролълъогӏоркь,4
рос-рукъ,4
росасулал,4
росдал,4
росноб,4
росулнакӏкӏ,4
росуцояй,4
ротапринт,4
рохтитурад,4
роххногӏоркь,4
рохъдокьераб,4
рохьдотӏабищ,4
рохьдохъанлъи,4
рохьдочӏчӏан,4
рохьикъаб,4
роцӏен,4
ругънамагӏ,4
ругънамахх,4
ругънахер,4
ругъо,4
ругьбан,4
рукъбухӏад,4
рукьмахх,4
рукӏкӏалаби,4
румаб,4
румав,4
румынай,4
руру,4
рухӏдакъ,4
ручч,4
рущтӏун,4
садрахан,4
самаъ,4
самбистка,4
самбо,4
самодеятельность,4
санайил,4
санамакки,4
сандирахъ,4
сантехника,4
сантехниклъи,4
саргӏаскар,4
саржа,4
саринчи,4
сариси,4
сару,4
сас-муч,4
сас-хъуй,4
сасанияб,4
сахӏабат,4
свак-кӏвахӏ,4
сванав,4
сванай,4
связистка,4
связистлъи,4
сейсмограф,4
секретарь-машинистка,4
сектантлъи,4
секьизабизе,4
сельдь,4
семантикияб,4
семи,4
сенаторлъи,4
сенеро,4
сентӏеро,4
сепаративияб,4
сербай,4
сивхьи,4
сигнализатор,4
сийитма,4
силабчи,4
силлабикияб,4
символизм,4
симсахараб,4
синаркӏо,4
сингармонияб,4
синдан,4
синоптикияб,4
синукалуш,4
синукъаб,4
синухӏалаб,4
синухӏатӏ,4
сиргъич,4
сиррияб,4
сирру,4
сиррурабан,4
сисикӏо,4
сихӏирлъи-оборлъи,4
сияб,4
сиярал,4
скальпель,4
славянав,4
славянай,4
славянал,4
следовательлъи,4
словак,4
словакай,4
словарияб,4
словен,4
слогазулаб,4
соавторлъи,4
собо,4
советниклъи,4
совнарком,4
совнархоз,4
совхоз-колхоз,4
совхозияб,4
согӏахараб,4
согӏлъи,4
солдаткурпа,4
солидол,4
соната,4
сохъ,4
социал-демократазулаб,4
социология,4
социологиялъулаб,4
союзниклъи,4
спекулянтка,4
спекулянтлъи,4
спикерлъи,4
справочнияб,4
ссандакӏус,4
старосталъи,4
стенографистка,4
стенографистлъи,4
стилистикияб,4
сторожлъи,4
стюардессалъи,4
субаро,4
сугъел,4
судияй,4
суй,4
сукур,4
сукӏи,4
сулахӏпат,4
сулхӏ,4
сумагӏучӏ,4
сумалодукьераб,4
сурмакьераб,4
сурмацӏул,4
суртӏин,4
сурур,4
сусурхер,4
суфи,4
суффиксалияб,4
сухӏматчи,4
сфера,4
счетоводлъи,4
сюжетияб,4
сёмга,4
табасаранал,4
таваккалчи,4
таврат,4
тавуш,4
тагӏзирчи,4
тадбирчи,4
тажикав,4
тажикай,4
тазаяб,4
таксичилъи,4
такъсирчӏужу,4
талав,4
талмуд,4
талыш,4
тамадалъи,4
танго,4
танкелаб,4
танкетка,4
танки,4
танчилав,4
тапарруж,4
тарификация,4
тарихазулаб,4
татай,4
татубахъи,4
тахӏанкан,4
ташнакъ,4
твапи,4
тварх-твархи,4
твархан,4
телеграфистлъи,4
телеобъектив,4
телеспектакль,4
телефакс,4
тене-хьенейчи,4
теннисистка,4
тенсеро,4
терапия,4
терезаби,4
террорчи,4
техниклъи,4
тира-свери,4
тирщавухъ,4
титан,4
товароведлъи,4
той,4
толохӏочго,4
топхана,4
трактористлъи,4
тренерлъи,4
тригонометриялъул,4
трюмо,4
тувадахъмахӏаб,4
тувинав,4
тувинай,4
тугъай,4
тукенчилъи,4
тукенчӏужу,4
тумав,4
тумай,4
тункӏилав,4
тунсу,4
туркай,4
туркичи,4
туркмен,4
туркменай,4
турх,4
тухумчи,4
туш,4
тушал,4
тӏабагьараб,4
тӏагъдигӏеч,4
тӏагъдикькквел,4
тӏагӏамалда,4
тӏад-гъоркь,4
тӏаждарачел,4
тӏаждарухьен,4
тӏалкъен,4
тӏама,4
тӏамурчи,4
тӏанса-салмаг,4
тӏанчал,4
тӏарикъатчи,4
тӏасабахъ,4
тӏасахъеяб,4
тӏатӏалакӏучӏ,4
тӏвап-тӏвапи,4
тӏвар-тӏвариялда,4
тӏвел,4
тӏепхӏараб,4
тӏеренчехь,4
тӏетӏер,4
тӏехӏпицӏ,4
тӏи-тӏех,4
тӏидугурга,4
тӏидукарщ,4
тӏилал,4
тӏилилав,4
тӏингъилав,4
тӏинчӏ-къед,4
тӏинчӏнай,4
тӏогьилдахӏа,4
тӏокӏабги,4
тӏонкоч,4
тӏонцохӏама,4
тӏоролаб,4
тӏорччопечь,4
тӏорщаликъаб,4
тӏотӏохъан,4
тӏохокарщ,4
тӏукъби,4
тӏунтӏараб,4
тӏурекӏ,4
тӏурччибухӏ,4
уазик,4
уборщицалъи,4
углекислияб,4
углекислота,4
угьи-зигара,4
удаманлъи,4
ударница,4
удмуртай,4
ужра-мухь,4
узбекай,4
узденлъи,4
узденчи,4
узкоколейка,4
украинав,4
ула,4
ундач,4
универсалияб,4
ункъазарго,4
ункъбераб,4
ункъбукӏонаб,4
ункъбукӏонлъи,4
ункънусабилеб,4
ургъабекӏ,4
ургьисажо,4
утиль-сырьё,4
учахъ,4
учредительлъи,4
учучу,4
учётчиклъи,4
учётчица,4
фа,4
фабрикант,4
факультатив,4
фауна,4
фашистка,4
февралалда,4
февралалъулаб,4
федералист,4
федерациялъулаб,4
фейерверк,4
фельдмаршаллъи,4
фельдшер-акушерка,4
фельдшерица,4
физрук,4
филателия,4
финнал,4
финно-угорал,4
финотдел,4
фирмаялъулаб,4
фламинго,4
флексия,4
флюрография,4
фольклорияб,4
фонология,4
фонологияб,4
формадулаб,4
фотоальбом,4
фотоателье,4
фотодокумент,4
фотожурналистка,4
фотоувеличитель,4
фотохроника,4
фотоэлемент,4
фразеологизм,4
франк,4
французал,4
фтизиатрия,4
футболистка,4
футболка,4
футурист,4
футуристияб,4
футуристка,4
фюзеляж,4
фюрер,4
хаба-чӏабар,4
хабар-гӏазаб,4
хабар-ругьел,4
хабар-хайир,4
хадиро,4
хадублъел,4
хадурегӏелалъулаб,4
хадучилъи,4
хазарал,4
хакасав,4
хакасай,4
хакъан,4
хал-кӏач,4
хала-чӏалатаб,4
халалъи-гӏеблъи,4
хали,4
халипалъи,4
халияб,4
халкъхӏалаб,4
халкӏу,4
халмаж,4
халхал,4
хандаро,4
ханждакъаб,4
ханжу-квара,4
ханзалъхинкӏ,4
ханутай,4
харбикъаб,4
харбилав,4
хардал,4
харицелчи,4
хаслъи,4
хатӏих,4
хача-кӏачазе,4
хашмус,4
хважайинлъи,4
хвалхвач,4
хвалчадулав,4
хвалченбухьи,4
хваш-баш,4
хвел-гӏел,4
хенеро,4
хентӏакквел,4
хенч,4
хер-махх,4
хергӏурччинаб,4
хидматчи,4
хина,4
хинкӏикъаб,4
хинлъилаго,4
хирач,4
хирурглъи,4
хиялчи,4
хиянатчӏужу,4
хонобах,4
хорватай,4
хочӏилаб,4
хочӏчи,4
христианазулаб,4
хулхулал,4
хулхулхъалиян,4
хумех,4
хунчӏрук,4
хурда,4
хурдан,4
хурисажо,4
хурукълъи,4
хутӏа-хутӏарабги,4
хутӏба,4
хух-бурутӏ,4
хучу-ручузе,4
ххей,4
ххенезабизе,4
хъабчилав,4
хъаву,4
хъакӏо,4
хъалачин,4
хъаликъаб,4
хъами,4
хъами-хъутӏул,4
хъандарачӏ,4
хъантӏи,4
хъанцӏа-кӏич,4
хъаркӏас,4
хъаркӏасаб,4
хъарщихӏама,4
хъат-хъатгӏанаб,4
хъахъачхума,4
хъахӏкьибил,4
хъахӏчараб,4
хъачхъач,4
хъачӏккел,4
хъачӏлъи,4
хъвадарухъанлъи,4
хъванхъвани,4
хъвархъвари,4
хъварщи,4
хъват-бакь,4
хъваши-шури,4
хъвекцӏум,4
хъекенез,4
хъизанчилъи,4
хъинтӏи-митӏир,4
хъинтӏилагӏучӏ,4
хъинцӏ,4
хъирмиз,4
хъитӏахараб,4
хъитӏниб,4
хъичӏ,4
хъонцӏогӏоркь,4
хъорсок,4
хъощниб,4
хъул-хъалам,4
хъуртагъал,4
хъурунжо,4
хъусаро,4
хъутма,4
хъухъу,4
хъухӏу-хъухӏу,4
хъуш-кӏутӏ,4
хьагисвери,4
хьамахь,4
хьвагӏей,4
хьвагӏеро,4
хьвайи,4
хьванимахӏаб,4
хьварсмахӏаб,4
хьварсмахӏлъи,4
хьвацӏабич,4
хьвацӏакӏал,4
хьвацӏи,4
хьвенцӏ,4
хьи,4
хьирис,4
хьирхьири,4
хьоборчу,4
хьолбогӏучӏ,4
хьонтӏибакъвад,4
хьопмахӏаб,4
хьулхьудач,4
хьур,4
хьухьарухъан,4
хьуцӏилхъаз,4
хьуцӏхӏалаб,4
хӏа,4
хӏабашияв,4
хӏабашияй,4
хӏадд,4
хӏажибаба,4
хӏакъ-къо,4
хӏакъикъ,4
хӏалахӏо,4
хӏалбохад,4
хӏалкъай,4
хӏалкъари,4
хӏалухъадукъаб,4
хӏама-хьвани,4
хӏамабагьадур,4
хӏамагага,4
хӏамилав,4
хӏамим,4
хӏамирачӏ,4
хӏамитӏалъел,4
хӏаниф,4
хӏанихъан,4
хӏанхӏич,4
хӏанчӏалтӏур,4
хӏанчӏижага,4
хӏанчӏихъан,4
хӏапучи,4
хӏаракатчӏужу,4
хӏарамхана,4
хӏарикӏутӏ,4
хӏарччикьлъел,4
хӏарччилмагъакь,4
хӏарщ-хӏатӏ,4
хӏасандала,4
хӏасид,4
хӏатӏаахада,4
хӏатӏалхӏанчӏ,4
хӏатӏимашина,4
хӏатӏукъали,4
хӏегьоло,4
хӏелкал,4
хӏелхӏелчилъи,4
хӏетӏхӏалаб,4
хӏилладулав,4
хӏиллачӏужу,4
хӏинтӏ,4
хӏинчӏ-гъеду,4
хӏисаб-низам,4
хӏисаб-щот,4
хӏисабчӏужу,4
хӏихӏи,4
хӏобокькквел,4
хӏолочи,4
хӏоргец,4
хӏоржокуй,4
хӏотӏочӏел,4
хӏотӏочӏхъалиян,4
хӏохьоч,4
хӏубара,4
хӏулияб,4
хӏургьукъ,4
хӏуригат,4
хӏурмат-адаб,4
хӏусудлъи,4
хӏухькъотӏи,4
хӏуччу-кӏутӏур,4
ца-кӏал,4
цабигьечӏ,4
цабихъахӏ,4
царако,4
цахма,4
цебебигъ,4
цебегӏанго,4
цебеса-цебе,4
цеветел,4
цеехъан,4
цибил,4
цидук,4
цидуквачӏ,4
цидумалъ,4
цидурукъ,4
цицидахӏа,4
цогъатаб,4
ццидахӏелеко,4
цӏадагӏел,4
цӏадиро,4
цӏакунчӏ,4
цӏакълъи,4
цӏамкьеро,4
цӏаргьан,4
цӏацӏа-хъахъазе,4
цӏваки,4
цӏекӏ,4
цӏертӏабач,4
цӏерхенлъи,4
цӏехолдухъан,4
цӏехӏма,4
цӏи-цӏи,4
цӏики,4
цӏику,4
цӏиликъверкъ,4
цӏимерко,4
цӏоргӏо,4
цӏородго,4
цӏорол,4
цӏоросарикӏкӏ,4
цӏохъахӏаб,4
цӏулакъаб,4
цӏуламагӏ,4
цӏулбичӏ,4
цӏулъи,4
цӏур-цӏури,4
цӏуражо,4
цӏухӏама,4
цӏцӏелжал,4
цӏцӏеллълъар,4
цӏцӏелмегеж,4
чабхъадулав,4
чавка,4
чавус,4
чавуш,4
чагурчи,4
чагъирчи,4
чадикъ,4
чадикъаб,4
чайная,4
чайхьаг,4
чалбудай,4
чалдук,4
чалтахъ,4
чамбара,4
чамгӏал,4
чанак,4
чанаоц,4
чанилжо,4
чантал,4
чанхъахараб,4
чанцӏул,4
чанчалак,4
чанчверек,4
чаранкьуру,4
чарлъи,4
чарук,4
чачан,4
чачанай,4
чвалхан,4
чвархъи-дваргъи,4
чвархъи-хъапщи,4
чвахеро,4
чемпионлъи,4
ченкь,4
ченхъеро,4
чергесай,4
чертёжник,4
чертёжница,4
чесуча,4
чехай,4
чехьквешаб,4
чехьквешлъи,4
чехькӏодо,4
чинибер,4
чинква,4
чинта,4
чирахъбакӏ,4
чирахълъел,4
читбир,4
чихъ,4
чихӏалаб,4
членлъи,4
чогьен,4
чолмагӏ,4
чолхӏетӏ,4
чохьохер,4
чохьохъан,4
чубури,4
чувашай,4
чумартухъан,4
ччин,4
ччохӏок,4
ччугӏилгӏин,4
ччугӏинах,4
чӏаго-гӏатӏго,4
чӏалал,4
чӏалгӏадего,4
чӏаликъаб,4
чӏалхен,4
чӏандачӏужу,4
чӏанкӏ-чӏанкӏараб,4
чӏар-хер,4
чӏара-гъаразе,4
чӏатӏан,4
чӏахӏахатӏ,4
чӏвагӏадиро,4
чӏвадари,4
чӏегӏербакь,4
чӏегӏергьоло,4
чӏегӏержо,4
чӏегӏеркари,4
чӏегӏеркьераб,4
чӏегӏермах,4
чӏегӏерракь,4
чӏегӏерхалкъ,4
чӏепараб,4
чӏикӏаро,4
чӏикӏва,4
чӏикӏи,4
чӏикӏу,4
чӏилди-гъилди,4
чӏимиххӏалаб,4
чӏинкъан,4
чӏинхъи-минхъи,4
чӏинчӏу-чухтӏу,4
чӏичӏихо,4
чӏолгӏо,4
чӏонокъ,4
чӏорбагӏараб,4
чӏорбутӏчи,4
чӏотӏокьераб,4
чӏужуаллагь,4
чӏужупача,4
чӏукъун,4
чӏукь,4
чӏунтӏ,4
чӏунчӏудук,4
чӏутӏугӏ,4
чӏухӏби,4
чӏухӏтӏи-къул,4
чӏучӏну,4
шагирт,4
шагьадат,4
шагьадатнама,4
шагьидукъаб,4
шагьримоцӏ,4
шагьрурамазан,4
шагӏбан,4
шадлихъ,4
шантаж,4
шантажчи,4
шапигӏияб,4
шаригӏатчи,4
шархӏчи,4
шахмататист,4
шахматистка,4
шахтёрлъи,4
шведай,4
шведал,4
швейцарав,4
швейцарал,4
шербетчи,4
шеф-повар,4
шефлъиялъулаб,4
шимпанзе,4
ширк,4
шифон,4
шницель,4
шовинист,4
шовинистияб,4
шовинистка,4
шолк,4
шотландияв,4
шофёрлъи,4
штурманлъи,4
щагӏихъанлъи,4
щайго,4
щакъидулкьераб,4
щакъицӏуй,4
щалайхӏалаб,4
щарчӏвад,4
щвайи,4
щвантӏихчи,4
щвар-щвари,4
щвартӏан,4
щват-квер,4
щвемещ,4
ще,4
щибгоцин,4
щийха,4
щияй,4
щу-щу,4
щуазарго,4
щуйиде,4
щулъел,4
щунгъар,4
щунщун,4
эбгияли,4
эбго,4
эбгонияб,4
эбгощинаб,4
эбел-яс,4
эбелдахъачӏужу,4
эвенкал,4
эгъеборлъ,4
эй,4
эйги,4
эйгияли,4
эйго,4
экономияб,4
экскурсантка,4
экспортияб,4
элгияли,4
электромонтёрлъи,4
электромотор,4
электротехниклъи,4
эмехвад,4
эмигрантка,4
эпэп,4
эрмени,4
эрменияй,4
эсер,4
эсерка,4
эскимосай,4
эстетика,4
эстонияв,4
эстонияй,4
этекчи,4
этимологияб,4
эхедерегӏел,4
эхӏединаб,4
эхӏенибго,4
эщтӏеро,4
ювелир,4
югославал,4
юкка,4
юнкерал,4
юристлъи,4
юрт,4
юртӏ,4
ягуар,4
язихълъи,4
якутай,4
яман,4
ямщик,4
январалъулаб,4
япон,4
японияв,4
ясен,4
ясмен,4
яцако,4
ящур,4
ёрш,4
-ада,3
-гӏанаб,3
-даци,3
-тӏалаяб,3
-хӏалаб,3
-цибилаб,3
-щинаб,3
Албастӏи,3
Кагӏба,3
Кагӏбарукъ,3
Къапмегӏер,3
Рукьал,3
Сартӏан,3
Цӏалкӏал,3
абадияб-даимаб,3
абадият,3
абадул-абадияб,3
абадул-абадиялъ,3
абазин,3
абазинав,3
абазинай,3
абгонияб,3
абхазиялъулаб,3
авал-рохен,3
авлия,3
авлияал,3
авсул,3
агъада,3
агъазгьечӏолъи,3
агьали,3
адаб-хъатиралда,3
адаб-хӏурмат,3
адвокатазулаб,3
аджариялъулаб,3
адыгеяв,3
адыгеяй,3
адыгеял,3
адыгеялъулаб,3
ажру,3
аза-азарккун,3
азалалда,3
азарабго,3
азарабилеб,3
азарцӏул,3
азербайжан,3
азербайжаналъулаб,3
азияв,3
азиял,3
азотхӏалаб,3
айги,3
айгияли,3
айго,3
айсорав,3
айсорай,3
айсорал,3
актёрлъи,3
акъа,3
алали,3
албаниялъулаб,3
алги,3
алгияли,3
алжиралъулаб,3
алипба,3
альпинистлъи,3
амин,3
амручӏужу,3
анбияал,3
анисахун,3
анищгӏемер,3
анищчӏужу,3
анкь-анкь,3
анкь-анкьккун,3
анкьго-микьго,3
анкьгъатаб,3
анкьи-анкьие,3
анкьнусабилеб,3
анкьнусго,3
анкьнусиялда,3
анкьтӏала,3
анкьчехь,3
анлъ-анлъ,3
анлъгояб,3
анлъгъат,3
анлъгъатаб,3
анлънусабго,3
анлънусабилеб,3
анлъхур,3
ансарияв,3
ансарияй,3
ансариял,3
анцӏ-анцӏ,3
анцӏазарабилеб,3
анцӏгояб,3
анцӏгъат,3
анцӏгъатаб,3
арвахӏал,3
аргъаннодо,3
аргъанчӏужу,3
археологлъи,3
архипелаг,3
ас-си,3
асарулзарра,3
асгьечӏ,3
асиллъи,3
аслу-насаб,3
аспирантлъи,3
астагъфируллагь,3
астрономлъи,3
афгъанай,3
афгъанистаналъулаб,3
африкияв,3
африкияй,3
африкиял,3
ахакьчӏикӏ,3
ахбиччанкъо,3
ахил,3
ахӏбарал,3
ахӏи-дугӏа,3
ахӏи-хӏуралда,3
аэрофлот,3
аяли,3
аяло,3
баба-дадалъи,3
бабай,3
бабалай,3
багъарунбарщ,3
багъир,3
багьа-багьана,3
багьалъи,3
багӏаникӏ,3
багӏаргьинаб,3
багӏаргӏанаби,3
багӏарцӏибил,3
багӏасту,3
бадавияв,3
бадавияй,3
бадавиял,3
бадибчӏвай,3
бадригунал,3
базакин,3
байрамкъоялъ,3
байрахъулай,3
байтегенек,3
бактериалияб,3
бакъанигӏуж,3
бакъанимехалда,3
бакъбакккул,3
бакълачӏин,3
бакъош,3
бакьангуро,3
бакьатӏарахъи,3
бакӏитӏакӏус,3
балагьутӏабакӏ,3
бануисраилал,3
барагъи,3
барантик,3
барахщин,3
барка,3
баркалагьечӏ,3
батӏияб-тӏокӏаб,3
бахилго,3
бахчун-тӏепун,3
бахьадго,3
бахьингӏарац,3
бахӏаран,3
бахӏарлъул,3
бацӏцӏин,3
бачикӏал,3
баччи,3
башкир,3
башкирав,3
баща-бакъад,3
беглъи,3
бегьозаз,3
бегӏберцин,3
бегӏерхер,3
бежи,3
бежунжо,3
беке-бекерун,3
бекерухъе,3
беки,3
беллетристика,3
белорусав,3
белорусиялъулаб,3
белъукъ,3
бералберцин,3
бералквеш,3
бералрахъад,3
бералчалухъ,3
берберцин,3
берзабухъди,3
берзукъ,3
берзукъаб,3
беркал,3
бесдалаб,3
бетӏергьанчихвад,3
бетӏергьечӏ,3
бетӏерияб,3
бетӏеркӏкӏвад,3
бетӏерчӏахъаяв,3
бехе,3
бецӏи,3
бецӏцӏахӏилаб,3
бечӏакӏо,3
би-рахь,3
бигьа-бихъаго,3
бидулкьераб,3
бидуриххел,3
бизбизиялда,3
бизи,3
бикрияй,3
бикь-бикьизаби,3
билаб,3
билъи,3
билълъанхъизаби,3
биологиялъулаб,3
биологлъи,3
бирманав,3
бирманай,3
бирманал,3
бирмаялъулаб,3
битӏутӏа,3
бихьинсаяхъ,3
бихьинцӏу,3
бичӏи,3
бищи,3
бога,3
богойжо,3
боголгӏуж,3
боголгӏужалъ,3
богӏонацӏ,3
божкъел,3
боксёрлъи,3
бокӏонбитӏараб,3
боркьизабизе,3
борохьмахӏаб,3
борти,3
борхьал,3
борцаро,3
борчӏи,3
босаро,3
ботаниклъи,3
ботӏрокъ,3
ботӏрокъав,3
ботӏрокълъи,3
ботӏролччукӏи,3
ботӏротӏекӏанцӏ,3
бох-квер,3
бох-ратӏа,3
бохижал,3
боцманлъи,3
боцӏи-мал,3
бош,3
бошлъи,3
бугъунгьобол,3
бугьи,3
букъарухъан,3
букъи,3
букъун-баккун,3
бурдул,3
буртӏицӏазан,3
буртӏичехь,3
бурчахъ,3
бурчахъчурпа,3
бурятав,3
бурятиялъулаб,3
бусурманлъи,3
бутихьин,3
бутӏадулал,3
бутӏуцӏин,3
бухьинабизе,3
бухӏаражо,3
бухӏунтӏатӏи,3
бухӏунчӏагӏа,3
бухӏунчӏикӏ,3
буцӏура,3
буцӏцӏин,3
бучӏенчӏахӏатӏ,3
буъбуиялда,3
вагъгъан,3
вагьабияв,3
вагьабиязулаб,3
вагьабияй,3
вагьабиял,3
вакьина,3
валимахӏав,3
вархӏалъи,3
вархӏаяб,3
варшавгӏарац,3
васвасчилъи,3
васлъи,3
вассалам,3
ватӏанбич,3
ватӏанцоял,3
ваххан,3
велъарухъан,3
венгрияв,3
венгриялъулаб,3
вессарухъанлъи,3
ветеранлъи,3
вийгь,3
витру,3
виш-викь,3
воре-гьа,3
воржарухъанлъи,3
ворчӏухъанлъи,3
вугӏаро,3
вуйгь,3
вукъунвакк,3
вуцӏарухъан,3
вьетнамалъулаб,3
габургьорой,3
габуркъотӏад,3
габуркӏичӏ,3
габуртӏерен,3
габурхалат,3
габурчӏегӏер,3
гагакватӏ,3
газа-бел,3
гала-чӏвали,3
галам,3
галгъазабизе,3
гамаг,3
ганабичӏер,3
гандури,3
гара-чӏвари,3
гаргади,3
гарзаба,3
гвагӏ-гвагӏараб,3
геж,3
гезераби,3
гелеза,3
гендур,3
географлъи,3
геологлъи,3
герец,3
геройлъи,3
гидросамолёт,3
гири,3
гожаби,3
голландиялъулаб,3
гонгал,3
гордал-нуцӏби,3
гордибер,3
грекав,3
грециялъулаб,3
грузчиклъи,3
губерниялъул,3
гугарухъанлъи,3
гуккугӏеч,3
гуккутӏегь,3
гураби,3
гуржистаналъулаб,3
гурул,3
гурхӏундай,3
гучдакъаб,3
гъабударекӏ,3
гъабулъим,3
гъабутӏамах,3
гъабуэргъени,3
гъадибер,3
гъадигӏеч,3
гъадиквачӏ,3
гъадиражи,3
гъадицӏам,3
гъайб,3
гъайбаб,3
гъайн,3
гъалалбагӏар,3
гъалалхалат,3
гъалалчӏегӏер,3
гъамгъакь,3
гъанигъун,3
гъанкъ,3
гъаплат,3
гъапул,3
гъараман,3
гъаранпил,3
гъаранхер,3
гъарачихъан,3
гъараш,3
гъарб,3
гъардали,3
гъарзун,3
гъару,3
гъатаб,3
гъваб,3
гъванси,3
гъвари-мегьед,3
гъегъхӏалаб,3
гъеж-квер,3
гъиздирма,3
гъизигъуран,3
гъизик,3
гъира-цӏаялда,3
гъобаб,3
гъодин,3
гъорзел,3
гъоркьан-тӏасан,3
гъоркьанпартал,3
гъоркьисалъагӏан,3
гъоркькьибил,3
гъорлъанбакк,3
гъохӏодин,3
гъудул,3
гъул-гъараваш,3
гъулден,3
гъумхӏалаб,3
гъункарлъи,3
гъунчӏван,3
гъурва,3
гъуцӏгъуцӏ,3
гьабаб,3
гьабали,3
гьабирукъ,3
гьабудизаби,3
гьавицадахъал,3
гьаглъи,3
гьагмахӏав,3
гьазул,3
гьакибурдул,3
гьали,3
гьан-нах,3
гьанамахӏ,3
гьанжесаги,3
гьанибги-добаги,3
гьанкӏалакӏал,3
гьанкӏи,3
гьаракь-квара,3
гьаргьади,3
гьардарав-дахӏалав,3
гьари-мадад,3
гьарисур,3
гьарс,3
гьартараб,3
гьатӏаналде,3
гьатӏаналъ,3
гьахь,3
гьвел,3
гьвелгӏеч,3
гьвелкари,3
гьвелмичӏ,3
гьвелхер,3
гьвелцӏибил,3
гьебщинаб,3
гьегьмахӏаб,3
гьезего,3
гьека-гьунщиялда,3
гьекъел-мехтел,3
гьересичилъи,3
гьеси,3
гьеси-гьеси,3
гьетӏзаз,3
гьецӏо-хӏарщ,3
гьибигьун,3
гьикъ-бакъ,3
гьиналъул,3
гьинтах,3
гьитӏи-бикъинаб,3
гьитӏихӏинаб,3
гьобол-гьудул,3
гьоболаб,3
гьодбекад,3
гьодор,3
гьойгьве,3
гьоко-оцал,3
гьокочӏужу,3
гьол,3
гьолозаз,3
гьоркьо-кьороб,3
гьоцӏо-нах,3
гьоцӏогени,3
гьоцӏозаз,3
гьоцӏокӏал,3
гьоцӏохӏалаб,3
гьугъубеле,3
гьудубеле,3
гьуингӏеч,3
гьуламаргъал,3
гьундугьа,3
гьургьур,3
гьури-квач,3
гьури-цӏад,3
гӏабигӏо,3
гӏабкӏал,3
гӏабули,3
гӏагарлъи-тухум,3
гӏагилдахъ,3
гӏагӏай,3
гӏададакъад,3
гӏададахалат,3
гӏадаллъи-гьаглъи,3
гӏаданлъи-яхӏ,3
гӏадго,3
гӏадияб,3
гӏажаиблъи-хӏикмалъи,3
гӏаздакълъи,3
гӏазул,3
гӏайн,3
гӏака-бече,3
гӏака-хӏама,3
гӏакабечӏчӏ,3
гӏакакьара,3
гӏакаяб,3
гӏакъилго,3
гӏакъиллъи,3
гӏакълучилъи,3
гӏакълучӏужу,3
гӏаламатго,3
гӏалаяб,3
гӏалхул,3
гӏамалберцинлъи,3
гӏамаликъ,3
гӏамусди,3
гӏандархьа,3
гӏанкӏ-цер,3
гӏанкӏихер,3
гӏанчӏго,3
гӏанчӏлъи,3
гӏарадачилъи,3
гӏарасат,3
гӏарацхер,3
гӏарза-марза,3
гӏарчалаби,3
гӏасигӏарабияв,3
гӏасигӏарабияй,3
гӏасигӏарабиял,3
гӏатӏилъи,3
гӏахьаб,3
гӏачӏаргӏака,3
гӏачӏарцӏахх,3
гӏачӏичӏа,3
гӏащтӏичилъи,3
гӏебсарикьи,3
гӏебсахун,3
гӏебучӏучӏу,3
гӏедегӏахъди,3
гӏедегӏун,3
гӏей-гӏунгутӏи,3
гӏелечӏаб,3
гӏелечӏараб,3
гӏелилай,3
гӏелилал,3
гӏелцояв,3
гӏелцояй,3
гӏелцоял,3
гӏенщули,3
гӏер-мокъ,3
гӏеркъитӏакӏус,3
гӏермалик,3
гӏетӏ-ратӏалда,3
гӏечхер,3
гӏинккунбач,3
гӏинтӏацӏодор,3
гӏинтӏацӏодорлъи,3
гӏипритжен,3
гӏиракъав,3
гӏиракъал,3
гӏисинмичӏ,3
гӏисинпанкъ,3
гӏисинчӏимих,3
гӏишкъуяб,3
гӏобилкьераб,3
гӏогӏохит,3
гӏодоббахӏарчилъи,3
гӏодобмина,3
гӏодобцӏекӏва,3
гӏокӏоро,3
гӏолохъанчилъи,3
гӏонкӏкӏополох,3
гӏонкӏкӏорачӏ,3
гӏонкӏкӏотӏех,3
гӏорбахал,3
гӏоржубай,3
гӏоркьхалат,3
гӏорто-сахӏ,3
гӏосохер,3
гӏубугӏ,3
гӏуждаллъи,3
гӏужихъанлъи,3
гӏунцараб,3
гӏурдаллъи,3
гӏурусазулаб,3
гӏурустӏин,3
гӏурччен,3
гӏурччингобарщ,3
гӏурччинтӏогьилаб,3
гӏус-ца,3
гӏусманиял,3
гӏуццмахӏаб,3
гӏуцӏа-кӏутӏараб,3
гӏучӏ-къул,3
гӏучӏ-мичӏил,3
давладулав,3
дагъ,3
дагъистаналъулаб,3
дагӏбади,3
дагӏбадулав и дагӏбадулай,3
дагӏбачӏужу,3
дада-бабалъи,3
дадалай,3
дадаэбел,3
даимаб-абадияб,3
даниялъулаб,3
дарай-гӏатӏлас,3
дарай-катан,3
даргияй,3
дару-хер,3
дахӏадада,3
дахӏач,3
дванки-дваргъи,3
дванки-дваргъиялда,3
дванки-двари,3
дваргъиялда,3
дворянка,3
дегелаби,3
дежурная,3
декалитр,3
демобилизация,3
дербентцӏибил,3
джинсал,3
дзюдо,3
дин-ислам,3
дингур,3
дириц,3
добаги-гьанибги,3
добгонияб,3
добгощинаб,3
додинго,3
дорхӏоли,3
драматургия,3
драматурглъи,3
дугу,3
дудутӏ,3
дук,3
дуъдуиялда,3
европияв,3
европияй,3
европиял,3
египтав,3
египтай,3
египтал,3
есауллъи,3
ецарухъан,3
жагадулкьераб,3
жагъаллъи,3
жагьаннам,3
жагьилго,3
жагьилчӏужу,3
жазбу,3
жакъа-метер,3
жакъалъизегӏан,3
жакъаялдаса,3
жаламичӏ,3
жаллатлъи,3
жандарман,3
жанзабил,3
жани-жанибегӏан,3
жаниса-жанибе,3
жансаво,3
жанхер,3
жахӏдачилъи,3
жигьад,3
жинсквеш,3
жовз,3
жонжоло,3
жуба-гъубазаби,3
журналистика,3
журналистлъи,3
завухъ,3
завхозлъи,3
загьру-закъум,3
загьрухӏалаб,3
зазихер,3
зазмахӏаб,3
зазхӏалаб,3
закагӏат-сахӏ,3
закъум,3
залимлъи,3
заналгъудал,3
зангалмачуял,3
занжабил,3
занжияв,3
занжияй,3
занжиял,3
заседательлъи,3
затта,3
звад,3
зваргъ-зваргъи,3
зварх-звархи,3
звархун,3
зенкӏкӏеро,3
зигара-бакъ,3
зигара-цӏа,3
зизкӏва,3
зилхара,3
зин,3
зиначӏужу,3
зиндих,3
зиникӏ,3
зирзирикӏ,3
зиянчӏужу,3
зобалхӏа,3
зонкӏолида,3
зоотехниклъи,3
зоотехникум,3
зубаржад,3
зулмат,3
зулму-хӏал,3
зумзум,3
зунизабизе,3
зурмихъанлъи,3
игитлъи,3
ижтимагӏият,3
икъбалаб,3
икьукьи,3
илбисбутӏ,3
илхъичилъи,3
иман-диналдаса,3
иман-ияхӏ,3
имангури,3
имангьечӏ,3
имгӏачо,3
имеретав,3
имеретай,3
имеретал,3
имеретиялъулаб,3
императорасулаб,3
империялъулаб,3
инвентарияб,3
ингушав,3
индонезиялъулаб,3
индусав,3
инкъилабалъулаб,3
инспекторлъи,3
инспекциялъулаб,3
инструкторлъи,3
инсульт,3
инсухъачилъи,3
инсухъеяв,3
интервенциялъулаб,3
иполитал,3
ирга-нух,3
иргадуллъи,3
иргаялъ,3
иришгъатлъи,3
исаналъагӏан,3
исанаялдаса,3
исиблъи,3
исивут,3
исландия,3
исландиял,3
исландиялъулаб,3
испаниялъулаб,3
исрапаб,3
исраплъи,3
истикълал,3
историклъи,3
италиялъулаб,3
итернационал,3
итниялъ,3
ихванал,3
ихи,3
ихӏсан,3
ицихер,3
иццубетӏер,3
ичал,3
ичӏабизе,3
ичӏгояб,3
ичӏнусго,3
ичӏнусиялда,3
иш-пиша,3
ишкалаб,3
ишкил,3
июналъулаб,3
кабардиялъулаб,3
каву-къоно,3
кагъат-къалам,3
кагъат-хабар,3
кагьанатзаби,3
кагьруманал,3
кагӏкал,3
казахав,3
казахистаналъулаб,3
как-дин,3
как-кӏал,3
каклъи,3
калмыкав,3
калмыкиялъулаб,3
калпатгъуцӏдул,3
ками-тӏокӏлъи,3
канагӏборохь,3
канагӏборхьал,3
канакро,3
канапицӏ,3
канахӏухьдул,3
канчӏцӏахӏил,3
канчӏцӏахӏилаб,3
капек и кепек,3
капек-шагьи,3
каплихер,3
капурчӏужу,3
кар-муч,3
карагьатаб,3
каракалпакав,3
каракалпакиялъулаб,3
караматаб,3
кардиограмма,3
карелав,3
карелиялъулаб,3
карзама,3
карикатуристлъи,3
кармангъур,3
карпит,3
карудул,3
карьеристияб,3
карьеристлъи,3
кассирлъи,3
катизаз,3
катиквачӏ,3
катимихъал,3
катирачӏ,3
кашавурлъи,3
кашишлъи,3
кашпу-карамалъи,3
кванилрукъ,3
квар-гӏарщ,3
квар-кун,3
кваркьи-милъир,3
квасугӏаршаб,3
квачай,3
квачӏхалат,3
квегӏисахун,3
квекӏенаб,3
квергӏел,3
кверхелаби,3
кверщелчилъи,3
кедекаб,3
кекецӏибил,3
кепкикъаб,3
кеплъи,3
керчлъи,3
кибегӏан,3
кибрит,3
кидалъагӏан,3
кидаялдаса,3
кидаялде,3
килдаби,3
килисачагӏи,3
килисаялъулаб,3
кираж,3
кирачилъи,3
кирхана,3
кисебаб,3
китаялъулаб,3
кичир,3
кодохъ,3
кокомигъутӏби,3
колонизаторлъи,3
коммерсантлъи,3
композиторлъи,3
композиция,3
комсомолай,3
конгояв,3
конгояй,3
конгоял,3
конгоялъулаб,3
контрреволюциялъул,3
конфедерациялъулаб,3
кореялъулаб,3
корреспондентлъи,3
кочӏохъанлъи,3
кубаяв,3
кубаял,3
куйкьарач,3
куку,3
кулагьаби,3
кулаказулаб,3
кули-мархьу,3
кулинарлъи,3
кумараб,3
кун-квар,3
купецазулаб,3
курдав,3
курхьен-баргъич,3
курхьен-кӏиликӏ,3
кусачи,3
кутнал,3
куцберцин,3
къавурма,3
къагъдали,3
къад-къад,3
къадалъеял,3
къаданиббарщ,3
къадахъанлъи,3
къадго,3
къадежо,3
къаденахъе,3
къайсар,3
къакъа-шашазе,3
къали-рикьи,3
къаличехь,3
къамишхӏалаб,3
къамуштӏи,3
къансмагъалу,3
къап,3
къарабахьин,3
къарабуз,3
къаркъуш,3
къарунго,3
къас,3
къасабчилъи,3
къасилъи-къадлъи,3
къацӏипа,3
къачи,3
къвакӏулди,3
къваригӏелгьечӏ,3
къваркьан,3
къватӏасохцер,3
къватӏиракь,3
къватӏисахун,3
къвахьи,3
къвачӏа-таргьа,3
къвикъви,3
къебелтӏимитӏ,3
къехь-метел,3
къецен,3
къибтӏал,3
къибтӏияв,3
къибтӏияй,3
къивукъ,3
къиматгьечӏ,3
къинкӏуч,3
къир,3
къиралай,3
къиямат,3
къо-къо,3
къокъидаго,3
къокълъи,3
къолохъанлъи,3
къолъикӏ,3
къоркъоберал,3
къоркъокӏал,3
къоролруччаби,3
къохьобер,3
къубрусав,3
къубрусай,3
къубрусал,3
къудкул,3
къулиберцин,3
къунщбихалат,3
къурайшиял,3
къурбанкъо,3
къурбанмоцӏ,3
къуркъби,3
къутӏулаб,3
къуцӏ,3
къучӏби,3
кьавудулкьераб,3
кьагӏритӏегь,3
кьагӏрихер,3
кьалал,3
кьвагьдохъанлъи,3
кьвар-кьвари,3
кьватӏизабизе,3
кьвах-кьвахиялда,3
кьегӏер-гӏи,3
кьеккентӏам,3
кьер-куц,3
кьерукъ,3
кьерхадго,3
кьерхаде,3
кьерциса,3
кьибилбицаткъукӏ,3
кьиларгъу,3
кьили-матахӏ,3
кьилигӏадаб,3
кьимагӏу,3
кьимало,3
кьимгӏад,3
кьимгӏаро,3
кьинкь,3
кьичӏчӏи,3
кьищни-къул,3
кьищни-чороклъи,3
кьолохъанлъи,3
кьонкьра,3
кьугӏра,3
кьурдабигъ,3
кьурдухъанлъи,3
кьурса,3
кьурумухъ,3
кьурухер,3
кӏакӏаля,3
кӏалбегӏер,3
кӏалберцин,3
кӏалбиччанкъо,3
кӏалбиччанкъоялъ,3
кӏалбухӏ,3
кӏалкӏодо,3
кӏалпасихӏ,3
кӏалцӏород,3
кӏалцӏукъаб,3
кӏалчорок,3
кӏанкӏасал,3
кӏанлъал,3
кӏар-кӏариялда,3
кӏаркьенбагӏар,3
кӏартӏуп,3
кӏас-кӏасиялда,3
кӏаттали,3
кӏатӏули,3
кӏелдаби,3
кӏенвер,3
кӏерекӏ,3
кӏеродухъанлъи,3
кӏертӏ,3
кӏиазаралда,3
кӏибекад,3
кӏибикьизабизе,3
кӏибикӏизабизе,3
кӏигьарурал,3
кӏигьумерай,3
кӏигьумерал,3
кӏикъоабилеб,3
кӏикӏвекь,3
кӏикӏимичу,3
кӏиликӏхер,3
кӏилъилав,3
кӏилъилал,3
кӏинкӏизе,3
кӏинусабилеб,3
кӏиригьил,3
кӏитӏала,3
кӏитӏи-кӏватӏи,3
кӏицӏулго,3
кӏицӏулгосеб,3
кӏичӏи,3
кӏкӏал-мохъ,3
кӏкӏаламохъ,3
кӏкӏарабечӏчӏ,3
кӏкӏвадарухъанлъи,3
кӏкӏведекӏкӏ,3
кӏкӏвел-кӏкӏвелал,3
кӏкӏуй-кӏуч,3
кӏобокӏахъдизаби,3
кӏобокӏи,3
кӏовухъе,3
кӏодо-кӏодо,3
кӏодохвад,3
кӏочӏопер,3
кӏудиявчи,3
кӏудияйчӏужу,3
кӏулкӏули,3
кӏурукӏлъи,3
кӏус-кӏусиялда,3
кӏусурлъи,3
кӏутӏбибагӏар,3
кӏутӏбитӏерен,3
кӏутӏбузулал,3
кӏутӏун,3
кӏуччули,3
лаборантлъи,3
лага-гӏучӏ,3
лага-щват,3
лагаба,3
лагълъи-хӏели,3
лагӏи,3
лазав,3
лайикъго,3
ламарт,3
ламус,3
ламщо,3
латвиялъулаб,3
латинав,3
латинай,3
латинал,3
лезе,3
лекторлъи,3
ленчӏленчӏгъветӏ,3
либераллъи,3
линотипистлъи,3
лифтёрлъи,3
лума,3
луълуъ,3
лъаб-лъабккун,3
лъабазарго,3
лъаббетӏераб,3
лъаббокӏонаб,3
лъабгъатаб,3
лъабкъоабилеб,3
лъабмоцӏил,3
лъабчӏван,3
лъагӏа-лъагӏалие,3
лъадалаб,3
лъадири,3
лъаледухъ,3
лъалъадухъанлъи,3
лъалъен,3
лъачи,3
лъеберабилеб,3
лъеде-гъедераб,3
лъелъерлъи,3
лъикӏлъизаби,3
лъимал-чагӏи,3
лъимбуркътӏегь,3
лъичӏирма,3
лълъел,3
лълъелтӏамах,3
лълъелхер,3
лълъетӏахъанлъи,3
лълъонани,3
лъобаб,3
лъобго,3
лъодинаб,3
лъолъеху,3
лъорпихъ,3
лъотӏир,3
лъугь,3
лъункари,3
лъутанхъи,3
лъухъа-рухъазе,3
лётчиклъи,3
магъизаз,3
магӏамучари,3
мада-кӏачар,3
мадараб,3
мадера,3
мажбикьлъи,3
мажуслъи,3
майонез,3
макру-хӏилла,3
макъан-къоно,3
макъаркурак,3
макърагӏин,3
макъсума,3
макьугьечӏ,3
мал-мулк,3
малакулмавт,3
малаяв,3
малаяй,3
малдин,3
малихӏокилищ,3
манданидарай,3
марга,3
маргъалдахӏа,3
маринад,3
марияв,3
марияй,3
мариял,3
мариямтӏегь,3
марксизм-ленинизм,3
марксистияб,3
маркь,3
мармаргьецӏо,3
марша,3
маршаласулаб,3
маслахӏат-сулхӏ,3
маслахӏатаб,3
маслахӏатчилъи,3
маслигӏатчилъи,3
мастерлъи,3
масхара-гап,3
масхара-хочӏ,3
матахӏ-кӏач,3
математиклъи,3
матрослъи,3
матӏатӏи,3
матӏахӏ,3
махла,3
махмаралъул,3
махсара-гап,3
махсарахӏалаб,3
маххрекӏин,3
маххул,3
маххщаликъаб,3
махьла,3
махьулухь,3
махӏ-кӏач,3
махӏал-чара,3
махӏахӏи,3
махӏигӏа,3
махӏиду,3
махӏидул,3
махӏитӏегь,3
махӏу-квара,3
махӏу-квачӏ,3
махӏутӏил,3
мацари,3
мацӏ-цӏар,3
мацӏбухӏ,3
мачахӏи,3
мачу-чарухъ,3
мачу-черек,3
мачӏикьаго,3
мачӏлъи,3
машиначилъи,3
машинчакар,3
маълаъ,3
маълаъхер,3
маъма,3
мегежкӏодо,3
мегежхалат,3
мегежчӏегӏер,3
мегӏеркӏодо,3
мелхӏу,3
мергу-тӏала,3
металлистлъи,3
металлурглъи,3
метерго,3
метериса,3
методистлъи,3
метрополитен,3
мех-мех,3
механизаторлъи,3
механиклъи,3
мехтиялъ,3
миз-миздизе,3
мизмиз,3
миккищурмал,3
микробиология,3
микь-микь,3
микь-микьккун,3
микьгъатаб,3
милатчилъи,3
милиционерлъи,3
милъиде,3
мими-чӏичӏи,3
мимич,3
мина-киса,3
мина-минатӏавус,3
мина-руссен,3
министрлъи,3
мирзачилъи,3
мискинбазар,3
мискинхалкъ,3
мискинчӏужу,3
митӏ,3
михъалкӏодо,3
михъбагӏар,3
мицӏикӏал,3
мия,3
могьоргояб,3
мокъокъихер,3
молдавиялъулаб,3
монголав,3
монголиялъулаб,3
монтёрлъи,3
мордовияв,3
мордовияй,3
мордовиялъулаб,3
москваялъулав,3
москваялъулай,3
москваялъулал,3
мотористлъи,3
мохрочалаби,3
моцӏбихьи,3
моцӏи-моцӏие,3
моцӏидасан,3
моцӏкквей,3
моцӏрещалъи,3
моцӏцӏилъи,3
мочолкьераб,3
мочӏахараб,3
мугъбитӏ,3
мугӏрул-карачалаби,3
мугӏрул-щобал,3
мукагӏат,3
мукъурберцин,3
мукьрамахӏал,3
мунагь-хатӏа,3
мунпагӏалъи,3
мурцӏи,3
мусават,3
мусру-харж,3
мутагӏиллъи,3
мухь-чехь,3
мухӏарам,3
муцакъахьал,3
муцӏихӏалаб,3
мучаригъаран,3
мучахараб,3
муъминчи,3
муъминчи и муъминчӏужу,3
навигаторлъи,3
наводчиклъи,3
нагагь-надирлъи,3
надир,3
найицӏибил,3
накъит-къоно,3
накъитчӏужу,3
накъиш-расен,3
накъишмахӏаб,3
накъишчӏужу,3
налъи-ракъи,3
намус-нич,3
нана,3
наникӏаби,3
нартикъаб,3
наслудукъаб,3
натрий,3
натуралистлъи,3
нахтӏатӏех,3
нахукълъи,3
нахулърахъадал,3
нахъагӏакълу,3
нахъасахун,3
нахълъи,3
нахъчӏвай,3
нахӏу,3
нахӏукӏла,3
нацӏ-чӏетӏ,3
нацӏихер,3
нецамахӏаб,3
нечадго,3
нигагьлъун,3
низамгьечӏолъи,3
никахӏ,3
никелин,3
никӏалайил,3
никӏкӏмахӏаб,3
нилъ-квартӏа,3
нисдакъаб,3
нистӏурияв,3
нистӏурияй,3
нистӏуриял,3
нису-нах,3
нисунах,3
нисуриди,3
нисухӏалаб,3
нихдакъаб,3
нихьвахер,3
ничгьечӏолъи,3
нишадур,3
новаторлъи,3
ногъаяв,3
ногъаяй,3
ногъаял,3
нодохъахӏ,3
нолалъулаб,3
норвегиялъулаб,3
нормировщиклъи,3
нотариуслъи,3
нохъо-къед,3
ноцӏмахӏаб,3
нужум,3
нужумгӏелму,3
нус-нус,3
нусазарго,3
нуслъи,3
нусрат,3
нухбитӏи,3
нухлулал,3
нухтӏадулав,3
нухтӏадулав и нухтӏадулай,3
нухтӏадулай,3
нуцалай,3
нуцаллъи,3
нуцияв,3
нуцияй,3
нуциял,3
обскурантизм,3
одонтология,3
океанография,3
океанологлъи,3
окулистлъи,3
олеандр,3
ом,3
омега,3
омонимия,3
онкологлъи,3
ономастика,3
операторлъи,3
оппортунизмалъулаб,3
ораторлъи,3
оргтехника,3
орда,3
орденалъулаб,3
ординарецлъи,3
ординаторлъи,3
орнитология,3
орнитологлъи,3
осетинав,3
осетинай,3
осетиялъулаб,3
острит,3
отоларингология,3
отоларингологлъи,3
официанткалъи,3
официантлъи,3
оц-гӏака,3
очан,3
пагьлалъи,3
падарав,3
падарай,3
пакъру,3
палахин,3
палеография,3
палестинав,3
палестинай,3
палестинаялъулаб,3
палтар,3
пандрихъанлъи,3
панзийжо,3
панкъ-чед,3
пантеизм,3
папуасав,3
паразитология,3
паранг,3
парангав,3
парангай,3
парангал,3
параноя,3
парантик,3
паратиф,3
парафраза,3
парашютистлъи,3
парисав,3
парисай,3
парпади,3
парта-магӏал,3
партал-кун,3
партал-хьит,3
партиялъулаблъи,3
партӏ,3
пасикълъи,3
пастӏанчилъи,3
патихӏа,3
патрат,3
патронлъи,3
патхӏу,3
пахь-махх,3
пахьукьераб,3
педиатрия,3
пенсионерлъи,3
пер-хер,3
перхӏалаб,3
песокчакар,3
пессимизм,3
петерхӏакъ,3
пианистлъи,3
пилпилун,3
пини,3
пинтах,3
пиринчӏхӏалаб,3
пиркачиклъи,3
питна-хӏур,3
питнадулав и питнадулай,3
питнадулай,3
питнахӏалаб,3
питри,3
пихъикъаб,3
пихъикълъи,3
пицӏцӏикълъи,3
пиша-иш,3
пишадулав,3
пишачилъи,3
планеризм,3
плеврит,3
политиклъи,3
политэкономияб,3
полякав,3
помещиклъи,3
помощниклъи,3
поркӏо,3
порокъаб,3
португалав,3
португалай,3
португалал,3
португалиялъулаб,3
поэтлъи,3
православие,3
практикантлъи,3
премьер-министрлъи,3
премьерлъи,3
принципиалияблъи,3
приёмщиклъи,3
провокаторлъи,3
проектировщиклъи,3
прожектористлъи,3
прозаиклъи,3
прокатчиклъи,3
прокурорлъиялъулаб,3
промышленносталъулаб,3
протестантство,3
профорглъи,3
психологлъи,3
публицистикаялъулаб,3
публицистлъи,3
пукъараал,3
пулемётчилъи,3
пулуша,3
пундукъ,3
пурсал,3
пурхан,3
пурщумукъ,3
путал,3
рагъ-муч,3
рагӏи-цӏа,3
рагӏукълъи,3
радакьмех,3
радалиса,3
радалмех,3
радиациялъулаб,3
радикализм,3
радиожурналистлъи,3
радиотехниклъи,3
рази-ракилъи,3
ракетчиклъи,3
ракукъаб,3
ракхӏалаб,3
ракъи-къварилъи,3
ракъикезе,3
ракълидалъун,3
ракьа-ракьанда,3
ракьамахӏлъи,3
ракьгьобогь,3
ракьугӏеч,3
ракьумухъ,3
ракьхӏалаб,3
ракьцояй,3
ракьцоял,3
ракӏ-хӏал,3
ралъдахъанлъи,3
рапиристлъи,3
рас-мучхӏалаб,3
рас-расккун,3
расандухъанлъи,3
расбагӏар,3
расжубай,3
расму,3
расукълъи,3
расуллъи,3
рахимахӏаб,3
рахчу-къапу,3
рахьбиччай,3
рахьдакъ,3
рахьи-бакъи,3
рахькьибил,3
рахӏат-парахалъи,3
рахӏман,3
рахӏмат-цӏоб,3
рахӏмучӏужу,3
рационализаторлъи,3
реакционерлъи,3
реваншизм,3
реваншистлъи,3
ревизионистлъи,3
ревлюционерлъи,3
регистраторлъи,3
регь,3
режималъулаб,3
рекордсменлъи,3
рекъ,3
рекълъи,3
рекъщванкӏ,3
рекьарулъ,3
рекӏелбащалъи,3
релъарухъанлъи,3
релъедамех,3
ремонтниклъи,3
ренесанс,3
рентгенология,3
реперация,3
реставраторлъи,3
реформаторлъи,3
рецаби,3
рецарухъаби,3
реци,3
рецц-как,3
речӏчӏухъанлъи,3
рещтӏанида,3
риба,3
рижаликъ,3
рижулежал,3
рикӏкӏалъизабизе,3
рилълъинберцин,3
римлянав,3
римлянай,3
римлянал,3
ричалитӏа,3
ричӏи,3
рищни-кьущ,3
рищни-щвайи,3
рищтӏи,3
рогьалилъго,3
рокъоб-къватӏиб,3
рокьукълъи,3
ролъукъаб,3
ролъукълъи,3
романистлъи,3
рортунчагӏи,3
россолжо,3
рохчехь,3
рохъдокьер,3
рохьикълъи,3
роцӏен-кьерхен,3
роцӏцӏокъвачӏа,3
роцӏцӏомахӏ,3
рочченхӏалаб,3
роччомахӏ,3
ругьдал,3
рузилрагӏад,3
рукну-шартӏ,3
рукъ-къоно,3
рукъ-свери,3
рукӏкӏби,3
румай,3
румынав,3
румыниялъулаб,3
русснал,3
русулал,3
рухьенрагӏаби,3
рухӏани,3
рухӏанияй,3
рухӏдакълъи,3
рухӏулкъуддус,3
рухӏуллагь,3
саман,3
сандалагъач,3
санитаркалъи,3
санитарлъи,3
саният,3
санкъ,3
сантехникияб,3
сапалжо,3
сардал-къоял,3
сардахъан,3
саскъотӏараб,3
сахӏилбащдаб,3
сахӏихӏаб,3
свак-мак,3
свакай-захӏмат,3
сван,3
сварщиклъи,3
свастика,3
сверел-тирел,3
сверизаби,3
сезам,3
сейсмография,3
сейсмология,3
секретарь-машинисткалъи,3
секьи,3
селекционерлъи,3
селёдка,3
семасиология,3
сен,3
сентиментализм,3
сенхеро,3
сепаратистлъи,3
сербав,3
сербиялъулаб,3
сержантлъи,3
сибирилал,3
сигъа,3
сижин,3
симсимун,3
сингармонизм,3
синквалъи,3
синкъи,3
синоптика,3
синоптиклъи,3
синтетика,3
синугьечӏ,3
синугьечӏолъи,3
синухьитал,3
синухӏарщ,3
синхронизм,3
синхрония,3
синька,3
сипат-хӏаят,3
сирияв,3
сирияй,3
сириял,3
сириялъулаб,3
сиртӏан,3
сихӏ-махӏ,3
сихӏрудулаб,3
сиялда,3
скандинавав,3
скандинавай,3
скандинавиялъулаб,3
складчилъи,3
складчӏужу,3
скульпторлъи,3
скумбрия,3
словакав,3
словакиялъулаб,3
словенав,3
словенай,3
словениялъулаб,3
солдатлъи,3
солдатхӏакъ,3
солистлъи,3
сонилъида,3
сонкъаси,3
сонрелъеда,3
соратниклъи,3
сордойилаб,3
социологлъи,3
спортсменлъи,3
старшиналъи,3
статистиклъи,3
стационар,3
столматологлъи,3
стратеглъи,3
студентлъи,3
суалгӏемер,3
сукун,3
сум-гӏучӏ,3
сунтӏуч,3
сурат-бегӏ,3
суркӏа-матахӏ,3
суркӏа-щурун,3
сутулкъудус,3
суффиксация,3
сухӏмат-бертин,3
суюрал,3
сценаристлъи,3
табасаран,3
табасаранав,3
табасаранай,3
таваккалчӏужу,3
таватияв,3
таватияй,3
таватиял,3
тажалхӏама,3
тажик,3
тажикистаналъулаб,3
таза,3
такрараб,3
талаталъ,3
талихӏгьечӏ,3
талихӏкъад,3
талышав,3
талышай,3
танкеллъи,3
таращаб,3
тарбиячилъи,3
таргьа-къвачӏа,3
тасамахӏго,3
тахбусен,3
твёрдый,3
тектоника,3
тектоникияб,3
телемеханиклъи,3
телеоператорлъи,3
телефонистлъи,3
телкъай,3
теоретиклъи,3
терапевтлъи,3
террорлъи,3
технологлъи,3
тилмачлъи,3
тируч,3
тирхи,3
топонимия,3
ту,3
тува,3
туваялъулаб,3
тургьби,3
турк,3
туркменав,3
туркменистаналъулаб,3
турциялъулаб,3
тусумакъар,3
тутун,3
тухумчилъи,3
тушав,3
тӏа-тӏа,3
тӏагъалхъахӏ,3
тӏагьарат,3
тӏагӏам-лазат,3
тӏагӏат-гӏибадат,3
тӏадаблъи,3
тӏадвахъине,3
тӏадебачӏинабизе,3
тӏадеялдаса-тӏаде,3
тӏадмагӏарулав,3
тӏадмагӏарулав и тӏадмагӏарулай,3
тӏадмагӏарулай,3
тӏадрелъанхъизавизе,3
тӏаждахвах,3
тӏамах-кӏачар,3
тӏанкӏан,3
тӏара-ахада,3
тӏаргъал,3
тӏарикъатчилъи,3
тӏарикъатчӏужу,3
тӏарцӏлъи,3
тӏаса-гъоркьа,3
тӏасабичӏизабизе,3
тӏасабищизабизе,3
тӏасамохъ,3
тӏеметӏибагӏар,3
тӏеренбакьал,3
тӏеренлъим,3
тӏеххӏалаб,3
тӏибитӏизаби,3
тӏинкӏи,3
тӏинчӏикъаб,3
тӏинчӏмахӏаб,3
тӏирихал,3
тӏобо,3
тӏогьахараб,3
тӏогьилдарай,3
тӏогьокъаб,3
тӏокъо-къоно,3
тӏолгосеб,3
тӏомбахъад,3
тӏомччукӏад,3
тӏопи,3
тӏорокъаб,3
тӏорччокъаб,3
тӏотӏогабур,3
тӏохтӏабиж,3
тӏохьтӏокълъи,3
тӏулилав,3
тӏулилав и тӏулилай,3
тӏулилай,3
тӏумесгьил,3
тӏупуннакӏкӏ,3
тӏурукъал,3
тӏутӏи,3
угрозыск,3
угрофиннал,3
угърашлъи,3
угьарухъанлъи,3
ударниклъи,3
удмуртав,3
удмуртал,3
удмуртиялъулаб,3
узбекав,3
узбекал,3
узбекистаналъулаб,3
узурпаторлъи,3
украин,3
украинаялъулаб,3
улбул,3
улъизабизе,3
ункъ-ункъ,3
ункъбер,3
ункъгъат,3
ункъгъатаб,3
ункъгӏаллъи,3
ункъоабилеб,3
упукъ,3
ургу-къандалъо,3
уржуник,3
ухӏудиро,3
фальцовщиклъи,3
фальцовщица,3
фатализм,3
фашистлъи,3
федерализм,3
фельетонистлъи,3
физиотерапевтлъи,3
физруклъи,3
филателистлъи,3
филологлъи,3
философлъи,3
финнав,3
финнай,3
флора,3
фольклористика,3
фотографлъи,3
фотожурналистлъи,3
фотомухбирлъи,3
фоторепортёрлъи,3
фракционерлъи,3
франциялъулаб,3
французав,3
французай,3
фронтовиклъи,3
фруктоза,3
фтизиатрлъи,3
фюрерлъи,3
хабаргӏемер,3
хабарквеш,3
хабатӏеквад,3
хабатӏехъуд,3
хадубквад,3
хадубхъуд,3
хайбархъала,3
хакас,3
хакасиялъулаб,3
халархо,3
халилат,3
халип-куц,3
халияр,3
халкквей,3
хамир,3
хамлъи,3
ханабат,3
ханжар-рачел,3
ханждал,3
ханжу-цӏам,3
хануталъи,3
харанг,3
харанзуниб,3
харбуз,3
харижияб,3
харикълъи,3
хариял,3
хасалобарщ,3
хасалогени,3
хасалогӏеч,3
хаселролъ,3
хатӏа-балагь,3
хатӏа-гъалатӏ,3
хатӏа-мунагь,3
хвалченборч,3
хвалченхер,3
хвач-хвачи,3
хвелгьечӏолъи,3
хевсурав,3
хевсурай,3
хевсурал,3
хеккобарщ,3
хелет,3
хенхур,3
херал-гӏинчӏал,3
херуч,3
хидмат,3
химиклъи,3
хинкӏ-минкӏ,3
хинкӏал,3
хинкӏцоял,3
хирад,3
хиралъи,3
хири,3
хияр,3
хлороформ,3
хоккеистлъи,3
хорватав,3
хорватиялъулаб,3
хормейстерлъи,3
хочӏхӏалаб,3
художниклъи,3
хунжрул,3
хунтӏи,3
хурда-мурда,3
хурхен-рухьен,3
хурхин,3
хутӏа-кӏучараб,3
хутӏизабизе,3
ххам-кӏач,3
хъабхъипурчӏун,3
хъабщуда,3
хъазахълъи,3
хъазиквачӏ,3
хъазихер,3
хъазихъего,3
хъалбицатаб,3
хъаликъ,3
хъаликълъи,3
хъаличӏаб,3
хъалиянчерек,3
хъалтӏеренаб,3
хъалхӏерен,3
хъамалогъеду,3
хъантӏадго,3
хъантӏел,3
хъарахъ-кӏачар,3
хъатиргьечӏ,3
хъатиргьечӏолъи,3
хъахӏал,3
хъахӏгьан,3
хъахӏжо,3
хъахӏзаз,3
хъахӏилхер,3
хъахӏкьераб,3
хъахӏракь,3
хъахӏрицӏцӏ,3
хъахӏцӏибил,3
хъачагъмахӏаб,3
хъачӏккараб,3
хъвадари,3
хъвазабизе,3
хъвапхъвапи,3
хъвархъвадулев,3
хъепуч,3
хъетӏеро,3
хъизан-агьлу,3
хъизан-къайи,3
хъир,3
хъиримгени,3
хъиртиш,3
хъирухӏалаб,3
хъияхъ,3
хъулби,3
хъумураб,3
хъур-хъури,3
хъуру-хъара,3
хъус-кӏутӏ,3
хъутан-утар,3
хъухъадухъанлъи,3
хьалияр,3
хьами,3
хьвадучал,3
хьилихь,3
хьиндалав,3
хьиндалай,3
хьиндаллъи,3
хьитикълъи,3
хьон-нах,3
хьон-чӏер,3
хьондалго,3
хьулхалат,3
хьурхьуриялда,3
хьухьаб,3
хьухьарухъанлъи,3
хьухьхӏалаб,3
хьуцӏил,3
хӏабашистаналъулаб,3
хӏабибат,3
хӏаваригунал,3
хӏада,3
хӏаду-кӏачурго,3
хӏажибудай,3
хӏажинкӏа,3
хӏажиролъ,3
хӏажияй,3
хӏайванлъи,3
хӏакъ-мунагь,3
хӏалалаб-бацӏцӏадаб,3
хӏалилат,3
хӏалимго,3
хӏалихьатго,3
хӏалкъай-къварилъи,3
хӏалтӏухъанлъи,3
хӏалцадухер,3
хӏамагъанкъгени,3
хӏамамичӏ,3
хӏамамчилъи,3
хӏамацӏибил,3
хӏамд,3
хӏамигендур,3
хӏамигьагьал,3
хӏамизаз,3
хӏамикӏилкӏал,3
хӏамимагъакь,3
хӏамимусур,3
хӏамиохцер,3
хӏамирахь,3
хӏамихинкӏ,3
хӏамицӏам,3
хӏамият,3
хӏамшарияв,3
хӏамшарияй,3
хӏамшариял,3
хӏан-нах,3
хӏанкъвагени,3
хӏантӏегь,3
хӏанчӏибетӏер,3
хӏанчӏигени,3
хӏанчӏиполох,3
хӏанчӏихъанлъи,3
хӏанчӏихьон,3
хӏапара-хӏутӏ,3
хӏарамлъи-хӏалаллъи,3
хӏарбу,3
хӏарир,3
хӏаркуч,3
хӏарщуквер,3
хӏасад,3
хӏачанпуртӏ,3
хӏаят,3
хӏелкирачӏ,3
хӏелму,3
хӏерав,3
хӏерай,3
хӏеренлъи-хӏалимлъи,3
хӏетӏ-бетӏер,3
хӏетӏе-бетӏер,3
хӏетӏебагӏар,3
хӏетӏерекъ,3
хӏехьбетӏер,3
хӏехьмахӏлъи,3
хӏили,3
хӏинкъи-балагь,3
хӏинцлъи,3
хӏинцлъизабизе,3
хӏисаб-хӏат,3
хӏисабчилъи,3
хӏосмахӏлъи,3
хӏукамаал,3
хӏулиберцин,3
хӏурият,3
хӏурул,3
хӏурулхӏама,3
хӏусну,3
хӏусуд,3
хӏухь-махӏ,3
хӏухьбахъул,3
хӏухьел-махӏ,3
цабихараб,3
цадахълъи,3
цакьудул,3
царагожо,3
царагьве,3
царалмагъ,3
царамацӏ,3
царарачӏ,3
царатӏин,3
цебетӏамизабизе,3
цебехъахъдизаби,3
цеехъанлъи,3
цезура,3
цензорлъи,3
церекъадисеб,3
циганав,3
циганай,3
цинагӏаллъи,3
цихӏинтӏаго,3
цунагӏаллъи,3
ццидаллъи,3
ццидахин,3
цӏабуцӏахъдизаби,3
цӏабуцӏинабизе,3
цӏагӏел-мачӏу,3
цӏайил,3
цӏалкӏи,3
цӏамгӏал,3
цӏамукъаб,3
цӏанбачӏ,3
цӏанбитӏараб,3
цӏекӏлъи,3
цӏикӏкӏарасел,3
цӏилкъ,3
цӏилмахӏаб,3
цӏини-къед,3
цӏобгьечӏ,3
цӏолбохъанасулаб,3
цӏулакъ,3
цӏутӏи,3
цӏцӏанавехь,3
цӏцӏанигъур,3
цӏцӏелчӏахӏ,3
чабаххӏалаб,3
чагъирчилъи,3
чадиралъул,3
чакар-чай,3
чакархӏалаб,3
чакма-хьит,3
чалухълъи,3
чамгӏалго,3
чаргьоло,3
чарухъ-хьит,3
чахъмакӏал,3
чахъу-кьегӏер,3
чахъумахӏаб,3
чвалхизабизе,3
чвалчвалиялда,3
чергесав,3
чехав,3
чехиялъулаб,3
чехьбихъад,3
чехьчурад,3
чинкир,3
чинхъи,3
чирмачехь,3
чиякъ,3
чувашав,3
чувашиялъулаб,3
чукъалъи,3
чумарт,3
чундул,3
чунсаб,3
чунслъи,3
чунтби,3
чухъахалат,3
чухъилав,3
чухӏчухӏи,3
чучлъи,3
ччугӏилсину,3
чӏабатӏхӏалаб,3
чӏагӏдачехь,3
чӏалгӏен-свак,3
чӏалгӏен-чӏамучӏлъи,3
чӏалгӏун-бутун,3
чӏаликълъи,3
чӏалу-рихьи,3
чӏана-сана,3
чӏандахӏалаб,3
чӏандерокӏал,3
чӏанкӏаб,3
чӏарадухъанлъи,3
чӏархӏалаб,3
чӏахӏасачма,3
чӏахӏхӏалаб,3
чӏвадарухъанлъи,3
чӏвай,3
чӏвалха,3
чӏегӏерзаз,3
чӏегӏерккараб,3
чӏегӏерхер,3
чӏегӏерцӏул,3
чӏегӏерчараб,3
чӏетӏаб,3
чӏинкьа-кӏитӏи,3
чӏинчӏухалат,3
чӏиркьи-чӏваркьи,3
чӏобой,3
чӏоломахӏаб,3
чӏужумахӏ,3
чӏулгӏи,3
чӏулгӏи-чини,3
чӏулх,3
чӏурканлъи,3
чӏурхӏулмахӏ,3
чӏухӏби-хӏакимзаби,3
чӏучӏади,3
чӏучӏадизаби,3
чӏчӏичӏчӏи-къикъи,3
чӏчӏичӏчӏи-хъуй,3
шаввал,3
шавкъат,3
шагьи-пара,3
шагьрикагъат,3
шагьру,3
шагӏирлъи,3
шажагӏат,3
шайтӏанлъи,3
шайтӏанхъахӏлъи,3
шапагӏалъи,3
шапигӏиял,3
шараб,3
шаригӏатчилъи,3
шаркъ,3
шведав,3
швейцарай,3
швейцариялъулаб,3
швен,3
швециялъулаб,3
шербет,3
шори,3
шотландиялъулаб,3
шубгьат,3
шугьрат,3
шуршуди,3
шёлк,3
щагъ,3
щалго,3
щаматалъ,3
щаринаххӏалаб,3
щванщва,3
щекӏтӏамах,3
щибдай-киндай,3
щинкӏил-кӏал,3
щихӏивниги,3
щокъго,3
щокълъи,3
щу-щуккун,3
щугъатаб,3
щукӏдул,3
щунусабилеб,3
щутӏалаяб,3
щущ,3
эвенкав,3
эвенкай,3
эвенкиялъулаб,3
экономистлъи,3
экскаваторщиклъи,3
экскурсоводлъи,3
экспедиторлъи,3
экспертлъи,3
электриклъи,3
электромеханиклъи,3
эпосалъулаб,3
эскимосав,3
эстониялъулаб,3
югославав,3
югославай,3
югославиялъулаб,3
юкъарухъанлъи,3
юрисконсультлъи,3
яаллагь,3
якутав,3
якутиялъулаб,3
япониялъулаб,3
ясхер,3
яхӏгьечӏолъи,3
яц-вацлъи,3
яцгӏаллъи,3
яцлъи,3
яцхвад,3
яшма,3
абухъеяв,2
агълъи,2
агьи-угьиялда,2
агьиялда,2
агӏазаналлагь,2
адин,2
адин-додин,2
азалидул,2
азалияв-абадияв,2
азаргогӏан,2
айсор,2
аксиома,2
алай-булай,2
алоалло,2
алхӏамдулиллагь,2
аман-мадад,2
анищалда,2
анкьазарабилеб,2
анкьазарго,2
анкьнусазаралда,2
анкьцӏуса,2
анлъабизе,2
анлъазарабилеб,2
анлъазаралда,2
анлъазарго,2
анлъго-анкьго,2
анлъил,2
анлънусазаралда,2
анцӏ-анцӏккун,2
анцӏабизе,2
анцӏилаялда,2
анцӏилъе,2
анцӏцӏуса,2
асаргӏанги,2
афгъанал,2
ахӏдей,2
багъа-бачаризаби,2
багӏарханал,2
бадал,2
базе-хъвазе,2
байбихьизабизе,2
бакъани-маркӏачӏул,2
бакъанигӏужалъ,2
бакъва-гадай,2
бакъвай,2
бакъдабжо,2
бакънал,2
бакъул,2
бакьангутӏизе,2
балугъ-,2
балхъал,2
балъго-гӏатӏго,2
бап,2
баракатаб,2
барща-къехӏун,2
барщулъ,2
басраго,2
батӏул,2
бахиллъи,2
бахчадго,2
бахьинго,2
баци,2
бацӏинабизе,2
бацӏихъего,2
бацӏцӏари,2
бацӏцӏинабизе,2
бегӏерлъи,2
бек-бекизаби,2
бекӏкӏи,2
белъин,2
бер-кӏал,2
бети,2
бецӏрогьалилъ,2
беччи,2
бечӏадго,2
бечӏараб,2
билизабизе,2
бихьа-рагӏараб,2
бихьиназул,2
бица-бихъатаб,2
бица-кицаде,2
бицанихъе,2
бичасхӏа,2
бичизабизе,2
биччадго,2
биччи,2
бичӏчӏизаби,2
боголимех,2
божкъелалда,2
бокьараб,2
бокьи-бокьунгутӏи,2
бокӏнил,2
бололо,2
борлъизабизе,2
бохса-тӏогьса,2
бугедухъ,2
бугизего,2
букъаризаби,2
букӏа-букӏахъан,2
букӏунбакӏалда,2
бури,2
бусаби,2
буссин,2
бухӏадго,2
бухӏаризаби,2
буцӏцӏалабго,2
буюри,2
ваамма,2
вададай,2
вай-вай-вай,2
васикӏомахӏав,2
вахьиялда,2
вахӏ-вахӏ,2
вахӏбабай,2
ву,2
гагамалъул,2
гадиш,2
гамачӏмахӏав,2
гвад-гвадун,2
гвангварадул,2
гвандахараб,2
гебегахъди,2
гогьдарулеб,2
гочари,2
гочӏаб,2
гугьунлъуде,2
гудгудиялда,2
гулдул,2
гурхӏадго,2
гъабарта,2
гъалгъай,2
гъанцӏан,2
гъанцӏиялда,2
гъарзикъ,2
гъаринго,2
гъахъ,2
гъвакь-гъвакьиялда,2
гъвансиялда,2
гъвар-гъвариялда,2
гъваркьан,2
гъуймурго,2
гъулай,2
гъура-чунки,2
гъуризабизе,2
гьаблъиялъ,2
гьабнухалъ,2
гьабсагӏаталда,2
гьайт,2
гьайт-гьуйтан,2
гьайтиялда,2
гьалаглъизабизе,2
гьалдезаби,2
гьалея,2
гьалмагълъиялъул,2
гьалъул,2
гьаман,2
гьанжегӏаги,2
гьанжесалаги,2
гьанкӏезаби,2
гьаргьадизаби,2
гьарзалъи,2
гьебаб,2
гьеблъиялда,2
гьединлъидалха,2
гьелчезаби,2
гьесарав,2
гьетӏа-къули,2
гьину,2
гьич,2
гьоболав,2
гьогьмадасан,2
гьодил,2
гьодорлъи,2
гьойхъего,2
гьудуб,2
гьумерхъахӏго,2
гьунд,2
гьуппахӏ,2
гьурщизабизе,2
гӏабдалмахӏав,2
гӏагарав-гӏунтӏарав,2
гӏадалнахул,2
гӏадан-чи,2
гӏадилго,2
гӏажизлъи,2
гӏакдал,2
гӏаку,2
гӏал-гӏалияда,2
гӏанграл,2
гӏарзалъ,2
гӏаркьахинаби,2
гӏарш,2
гӏат,2
гӏатӏго,2
гӏатӏи-шатӏид,2
гӏачиялъе,2
гӏебехъ,2
гӏек-гӏекиялда,2
гӏертӏал,2
гӏечугъутӏби,2
гӏибрани,2
гӏий-гьай,2
гӏинкъго,2
гӏоди-гӏоди,2
гӏонсол,2
гӏоргараб,2
гӏудго,2
гӏункӏкӏ-кету,2
гӏуризегӏан,2
гӏуркъиялда,2
гӏуркъун,2
гӏурччинхарил,2
дагъи,2
дагъистанияб,2
дагьалъги,2
дагӏанкан,2
дадари,2
даимлъи,2
дамдами,2
данде-манде,2
дандеккун,2
дандеса-данде,2
дарбадагъ,2
даргиялъ,2
дарманаб,2
дарун,2
дванк-манкан,2
дваргъи-дванкиялда,2
дегӏенаса,2
динг-динг-динг,2
дингъун,2
дирлъиялда,2
додигӏанго,2
долого,2
дури,2
дуризабизе,2
дурхьан,2
жакъалъагӏан,2
жакъалъизегӏанги,2
жакъаялде,2
жакъаялдего,2
жамидул,2
жваргъиялда,2
жуни,2
загьруман,2
замгьариялда,2
зваргъиялда,2
звархан,2
зинкӏкӏи,2
зиртӏун,2
илбисмахӏав,2
илизодихъе,2
илмагӏав,2
интернационализм,2
интернационализмалъул,2
иншаалллагь,2
исанаялде,2
исбагьиго,2
ихтилат-кепалда,2
ихтилаталда,2
ичӏ-ичӏ,2
ичӏабилелъ,2
ичӏазаралда,2
ичӏазарго,2
ичӏго-анцӏго,2
ичӏида,2
ичӏиде,2
ичӏнусабилеб,2
казармаялъул,2
каки,2
каклъихӏинабизе,2
каранзуниб,2
карахин,2
каркарун,2
картӏал,2
квалквадизаби,2
квана-гьекъей,2
кваникъго,2
квар-квар,2
квасул,2
квегӏенго,2
квербакъи,2
кесек-кесекккун,2
кигӏаналъ,2
кигӏангӏаги,2
кигӏанниги,2
кидадай,2
кидакъадги,2
кидаса-кидаги,2
кинниги,2
коллегиалияб,2
конструкторлъи,2
контрреволюция,2
кочӏол,2
кундул,2
курд,2
кучалзуниб,2
къадкихъего,2
къаси-къад,2
къаси-сардилъ,2
къасиги-къадги,2
къасиго,2
къасилохъа,2
къасилъагӏанги,2
къасиса-радалалде,2
къвагъизабизе,2
къвакӏадго,2
къвакӏан,2
къвар-къвариялда,2
къваригӏарабгӏан,2
къваркьиялда,2
къварцӏиялда,2
къватӏул,2
къедцояв,2
къинкӏи,2
къинлъари,2
къинлъи,2
къира-цӏириялда,2
къирун-къварун,2
къо-къоккун,2
къоазаралда,2
къоазарго,2
къобакъинегӏан,2
къолнухалъ,2
къоххамил,2
къоцӏул,2
къуш-къушизе,2
къуш-къушиялда,2
кьаба-кӏатӏун,2
кьабизабизе,2
кьабун-цӏун,2
кьагӏрихъего,2
кьари-гъарияб,2
кьерханкъоялъ,2
кьерхухъе,2
кьижахъе,2
кьорцониса,2
кьочӏол,2
кьурдизабизе,2
кьухъ,2
кӏалбиччансордо,2
кӏалгӏа-ралъад,2
кӏалдагъиялъе,2
кӏалккинамоцӏ,2
кӏалккинамоцӏалъ,2
кӏалккинасордо,2
кӏалккинасордоялъ,2
кӏалккулъ,2
кӏалъавукъ,2
кӏалъалаго-толаго,2
кӏарччанго,2
кӏваралъ,2
кӏиазарабго,2
кӏиазарабилеб,2
кӏибикьи,2
кӏибикӏахъди,2
кӏикъоазаралда,2
кӏикъоазарго,2
кӏинусазаралда,2
кӏинусазарго,2
кӏитӏи-кӏватӏиялда,2
кӏицӏулиде,2
кӏичӏарди,2
кӏкӏвенкӏкӏвениялда,2
кӏохӏалаб,2
кӏулкӏулиялда,2
кӏунцӏлахӏлъун,2
кӏутӏи,2
кӏущуди,2
лабалго,2
лаббайк,2
лавашалда,2
лакин,2
ламартго,2
ламялид,2
лапан,2
латиназул,2
лимхӏадго,2
литваялъулаб,2
лъабабилелъ,2
лъабазаралда,2
лъабго-ункъго,2
лъабнусабилеб,2
лъабнусиялда,2
лъабцӏул-лъабцӏул,2
лъабцӏулниги,2
лъабцӏуса,2
лъадал,2
лъадари,2
лъахьан,2
лъелъер,2
лъикӏ-лъикӏ,2
лъилъарулъ,2
лъиялъе,2
лълъарал,2
лъогӏ,2
лъодин,2
лъол,2
лъугӏад,2
лъугӏизаби,2
лъути,2
магӏникъ,2
мадугьалалъул,2
мазандаран,2
маймалакалъухъего,2
макирго,2
малаял,2
малъгӏанасеб,2
манзилхалатав,2
маркӏачӏулъ,2
маслигӏатаб,2
махӏалзуниб,2
махӏрумлъи,2
махӏсун,2
махӏтечӏого,2
мацӏ-махх,2
машаллагь,2
мекъи-мекъи,2
мергид,2
мете-метер,2
метер-сезе,2
метер-сезеялде,2
метералдаса,2
мехталилъ,2
миккидал,2
микьабизе,2
микьгояб,2
милклъи,2
мими-чӏичӏиялда,2
михӏибавулъ,2
мугъалиса,2
мугъсверун,2
мугь-мугьккун,2
мукъсанлъизабизе,2
мурзигат,2
мухьлухъ,2
насранияб,2
нахукъ,2
нахъалъагӏан,2
нахъалъизегӏан,2
нахъо-нахъойги,2
нахъо-нахъоса,2
нежехӏго,2
но,2
нусазаралда,2
октябралъул,2
олоцӏул,2
оппозицияб,2
организаторлъи,2
орфоэпиялъул,2
осетинал,2
ох,2
пагьмуяв,2
палакъуда,2
панзмахӏав,2
пара-пара,2
парис,2
парча-парча,2
пахьул,2
пешкеш,2
пигь,2
пикру-цӏам,2
пин-пана,2
пиркъ-паркъалда,2
пирхи,2
пирхизабизе,2
пичч-бакъ,2
пичч-цӏам,2
похъ-рахъ,2
пуланго,2
пунхъизабизе,2
пусма,2
пущтӏи,2
рагь-рагьун,2
рагьараб,2
рагьизабизе,2
рагьун,2
рагӏа-рагӏалда,2
радал-бакъанида,2
радиотрансляция,2
радиотрансляциялъул,2
рази-ракиго,2
ракь-ракьалъул,2
ракьгӏисинал,2
ракьхасало,2
ракӏбацӏцӏалъи,2
ракӏгъей,2
ратӏлил,2
рахъ-рахъалъ,2
рахӏатхвей,2
раччлиде,2
резидентлъи,2
релъеда-къад,2
релъедамехалъ,2
ретрансляция,2
ретрансляциялъул,2
рехъаби,2
рецарулъ,2
речӏчӏаризари,2
рещтӏин,2
ригь-ригьалда,2
ригь-ригьккун,2
ригьгьечӏуда,2
риидаллъагӏан,2
рогьалигӏуж,2
рогьалигӏужалъ,2
рохщел,2
роцахун,2
роццохъ,2
роцӏинабизе,2
рузманалъ,2
рукъалъул,2
рухъарулъ,2
санал,2
сасадго,2
саяхълъи,2
сванхиялда,2
свер-сведизаби,2
сверди,2
сиси,2
сихӏирги,2
сихӏирлъиялда,2
словенал,2
сонлъагӏан,2
сордойилги-къойилги,2
сородизаби,2
стенографияб,2
субхӏаналлагь,2
судизабизе,2
сун-суниялда,2
сур-сури,2
сурукълъи,2
талат-талаталъ,2
таллагь,2
талышал,2
тамахлъи,2
тат,2
тезабизе,2
тирилъизабизе,2
тирхиялда,2
тирщизабизе,2
тулак,2
тулаклъизабизе,2
тум,2
тункӏал,2
турказул,2
туснахърукъалъул,2
тӏагӏалилъ,2
тӏагӏин,2
тӏад-тӏад,2
тӏадбуссин,2
тӏаде-хари,2
тӏадкъай,2
тӏадкӏалъай,2
тӏатин,2
тӏвапиялда,2
тӏваркъиялда,2
тӏеркӏезаби,2
тӏетӏезаби,2
тӏехьалхӏа,2
тӏинкъи-тӏинкъиялда,2
тӏир-тӏириялда,2
тӏир-тӏирун,2
тӏогьиллъи,2
тӏокӏалъго,2
тӏокӏалъчӏечӏого,2
тӏочине,2
тӏулби,2
тӏупизабизе,2
тӏутӏмахӏав,2
тӏухьдул,2
угьди,2
угьи,2
уйищ,2
ункъ-ункъккун,2
ункъабизе,2
ункъабилелъ,2
ункъазаралда,2
ункънусазарабилеб,2
ункънусазаралда,2
ункънусиялда,2
ункъоазаралда,2
урхъадго,2
февралалдалъагӏан,2
фермерлъи,2
фортификация,2
фортификациялъул,2
хабзал,2
хала-чӏалат,2
халкъалъул,2
хамизалъ,2
ханхара,2
харадуни,2
хасалихъелъагӏан,2
хевсур,2
херал-бецал,2
хехалан,2
хехдаризаби,2
хехдаризабизе,2
хисда-хисда,2
хисун,2
ходер,2
хохозаби,2
хохозабизе,2
хошгелди,2
христианазул,2
хунги-ччунги,2
хурхинабизе,2
хутӏун,2
хъанчил,2
хъат-хъат,2
хъатӏи,2
хъвагӏур,2
хъвал-хъвалиялда,2
хъвалхьинабизе,2
хъванхъваниялда,2
хъвашиялда,2
хъещтӏей,2
хъирхъириялда,2
хьвагӏи,2
хьвадизаби,2
хьолбол,2
хьуликъвачӏа,2
хьуризабизе,2
хьуртӏан,2
хӏабургъадго,2
хӏадури,2
хӏакълъунго,2
хӏала-малалъ,2
хӏаликъго,2
хӏалихин,2
хӏалихъе,2
хӏалкӏварабгӏан,2
хӏамил,2
хӏамихъего,2
хӏанчӏихъего,2
хӏапи,2
хӏаризабизе,2
хӏасратго,2
хӏатӏул,2
хӏелекомахӏав,2
хӏеренлъи,2
хӏипз,2
хӏосмахӏав,2
хӏунси,2
хӏухьдул,2
цебейиса,2
цермахӏав,2
циган,2
циганал,2
цимахӏаб,2
цимахӏав,2
цинтӏаго,2
цинцимаб,2
цинцӏул,2
цихӏин,2
цо-цоги,2
цогиги,2
цогоберилав,2
цогӏаги,2
цодагьалъги,2
цолъизаби,2
цохӏоги,2
цохӏониги,2
цохӏоцин,2
цоя-цоял,2
ццидалго,2
цӏакъго-цӏакъ,2
цӏалтай,2
цӏикӏкӏараб,2
цӏинкрал,2
цӏогьоди,2
цӏогьормахӏав,2
чагъанадул,2
чак,2
чалухъго,2
чахъдахъего,2
чвархъ-мархъан,2
чвархъи-дваргъиялда,2
чили,2
чилчилиялда,2
чирмакъалал,2
чорт,2
чорхокъ,2
чурхдул,2
чӏалгӏин,2
чӏанкӏалда,2
чӏапиялда,2
чӏаради,2
чӏарахъ,2
чӏван-чӏобого,2
чӏванкӏан,2
чӏваркьиялда,2
чӏере,2
чӏикун,2
чӏикӏизабизе,2
чӏинчӏилахъ,2
чӏиргъи-хъуялда,2
чӏиркьи-чӏваркьиялда,2
чӏумал,2
чӏурхӏи,2
чӏутӏул,2
чӏухӏадго,2
чӏухӏдаего,2
чӏучӏинабизе,2
шагьаралъул,2
шуризабизе,2
шушби,2
щайгурелъул,2
щакго,2
щалха,2
щанкӏлал,2
щванкӏи-ланкӏиялда,2
щвартӏиялда,2
щват-щват,2
щивгоцин,2
щинкӏун-баккун,2
щихӏибниги,2
щихӏийниги,2
щовукъго,2
щуабизе,2
щуго-анлъго,2
щунусиялда,2
щуцӏали,2
щуцӏалиялда,2
щуцӏулго,2
щуя-анлъабго,2
эб и эй,2
эмехаца,2
эхебегӏан,2
эхӏединго,2
юргъад,2
ягъзинго,2
яда,2
якал,2
якъинлъизабизе,2
ялгъузлъи,2
ялъачи,2
ялъунани,2
янгъизлъизабизе,2
яргъил,2
ярун,2
-али,1
-ги,1
-гури,1
-гъун,1
-гӏаги,1
-гӏан,1
-ккун,1
-лъила,1
-ни,1
-ниги,1
-уна,1
-хун,1
-хӏа,1
-цин,1
-чи,1
абгияли,1
ада-даци,1
адаб-хӏурматалда,1
алхин,1
алхинабизе,1
аманаллагь,1
анкьабизе,1
анкьазарабго,1
анкьазаралда,1
анкьил,1
анкьнусазарабилеб,1
анкьнусазарго,1
анлъ-анлъккун,1
анлънусазарабго,1
анлънусазарабилеб,1
анлънусазарго,1
анлъцӏуса,1
армиялъул,1
аскаралъул,1
ассаламугӏалайкум,1
афгъаназул,1
ахта-гудазабизе,1
ахтазабизе,1
ахӏдезаби,1
ахӏизабизе,1
ахӏмакълъи,1
ашкаралда,1
бабади,1
бабадизаби,1
багъа-бакаризаби,1
багъарахъдизаби,1
багъаргъи,1
багъаргъизаби,1
багъаризаби,1
багь-багьизаби,1
багьа-бихъи,1
багӏарараб,1
багӏарикӏкӏбагӏаррикӏкӏ,1
багӏарцӏвайилъ,1
багӏдизаби,1
багӏрагинабизе,1
базаркъотӏноб,1
базаркъоялъ,1
базинабизе,1
баи,1
баизабизе,1
байдаби,1
баки,1
бакизабизе,1
бакинабизе,1
бакк-баккизаби,1
баккаризаби,1
бакъа-бакъанида,1
бакъанигӏужалда,1
бакъанимехалъ,1
бакъвазаби,1
бакъвараб,1
бакъда,1
бакӏа-бахари,1
бакӏа-бахаризабизе,1
бала-гъалагьизаби,1
балагьахъдизаби,1
баладаго,1
баладаса,1
балъаргъинабизе,1
бандал,1
барахщинабизе,1
барщаризаби,1
басанди,1
басинабизе,1
бассаризаби,1
бахунеб-толеб,1
бахчари,1
бахчаризаби,1
бахъ-бахъизаби,1
бахъаризаби,1
бахӏазабизе,1
бацизаби,1
бацӏцӏаризаби,1
бачаризаби,1
бачахъизабизе,1
бачинабизе,1
баччаризаби,1
бачӏи-бачӏинахъего,1
башла,1
башуста,1
баянлъи,1
бег-бегизаби,1
бега-битӏизабизе,1
бегаризаби,1
бегаризабизе,1
бегьаризаби,1
бегӏеризабизе,1
бегӏерса,1
бежа-белъинабизе,1
бежаризаби,1
бекерахъдизаби,1
бекьаризаби,1
бекьизабизе,1
бекӏкӏизабизе,1
белъанхъизаби,1
белъи,1
бергьинабизе,1
берзул,1
беричлъи,1
беричлъизабизе,1
берккей,1
беркъапизабизе,1
бертаби,1
берчӏвазаби,1
берчӏвай,1
бесаризаби,1
бесдаллъи,1
бессаризаби,1
бесси,1
бетӏаризаби,1
бетӏералдаго,1
бетӏергьанасул,1
бетӏизабизе,1
бецаризабизе,1
бецизабизе,1
бецци,1
бецӏбагӏарлъизабизе,1
бецӏгӏурччинлъизабизе,1
бецӏсурмалъизабизе,1
бецӏхъахӏиллъизабизе,1
бецӏцӏаризаби,1
бецӏцӏахӏиллъизабизе,1
бецӏцӏизабизе,1
бечедаб-ччухӏаб,1
беччаризаби,1
бечӏчӏари,1
бигин,1
бижизаби,1
бизарлъи,1
бикъаризаби,1
бикъизабизе,1
бикьа-бишизабизе,1
бикьа-къотӏизабизе,1
бикӏа-бишизабизе,1
бикӏаризаби,1
бикӏизабизе,1
билъизабизе,1
билълъизабизе,1
билълъин,1
бихх-биххизаби,1
бихха-бичизабизе,1
бихха-хочи,1
биххизаби,1
бихъ-бихъизаби,1
бихъаризаби,1
бихьа-тараб,1
бихьинкилищ,1
бихӏин,1
бицардизаби,1
бицинабизе,1
бичасул,1
бичч-цӏам,1
биччантей,1
биччизаби,1
бищаризаби,1
бищизабизе,1
боголгӏужалда,1
боголимехалда,1
боголимехалъ,1
божинабизе,1
бокъине,1
бокӏнахинабизе,1
болъодул,1
боржанхъизаби,1
боржин,1
боркьизаби,1
борлъ-борлъизаби,1
борлъари,1
борлъаризаби,1
борт-бортизаби,1
бортанхъизаби,1
борхьил,1
борцаризаби,1
борцин,1
борцинабизе,1
борчинабизе,1
борчӏаризаби,1
босаризаби,1
боснобтӏагъур,1
бохса,1
бохьаризаби,1
бохьизабизе,1
бугъамахӏав,1
бугъизабизе,1
бугӏизабизе,1
буй,1
букӏкӏ-букӏкӏинаби,1
букӏкӏин,1
букӏкӏуркӏахъдизаби,1
бурбуди,1
бурбудизаби,1
буризабизе,1
буртби,1
буртӏал,1
бусби,1
бусс-буссизаби,1
бусса-свери,1
буссаризабизе,1
буссизабизе,1
бутунабго,1
бухаризаби,1
бухи,1
бухизабизе,1
буххаризаби,1
буххизабизе,1
бухъардизаби,1
бухъаризаби,1
бухь-бухьинаби,1
бухӏ,1
бухӏ-бухӏ,1
бухӏ-бухӏи,1
бухӏ-бухӏизаби,1
бухӏараб,1
буци,1
буцизабизе,1
буцӏаризаби,1
буцӏизабизе,1
буччинабизе,1
бущинабизе,1
вабабай-вададай,1
вагьай,1
вагӏалайкумсалам,1
вададай-вабабай,1
вайдихъ,1
вакъ-вакъ,1
валлагь-биллагь,1
валлагь-биллагь-таллагь,1
валлагьилгӏазим,1
васвасдизави,1
вассалам-вакалам,1
вахӏай,1
ващиялда,1
вогьа,1
гажал,1
галадизабизе,1
гамагъ,1
гамущмахӏав,1
ганщал,1
гарбал,1
гаргадизаби,1
гарж-гаржинаби,1
гари,1
гатӏизабизе,1
гважул,1
гвангъ-гвангъизаби,1
гвангъ-гвангъизе,1
гваргъи,1
гиди-гиди-гиди,1
гиргидизаби,1
гиризаби,1
гирищ-гирищ,1
гогьдаризаби,1
горбол,1
гордул,1
гочӏдаризаби,1
гочӏдарулеб,1
греказул,1
гугаризавизе,1
гузби,1
гуллил,1
гунгуниялда,1
гургинлъи,1
гури во всех знач,1
гурущ-гурущ,1
гурхӏунищ,1
гучлъи,1
гъалгъализаби,1
гъанчдезаби,1
гъапуллъи,1
гъапуллъизабизе,1
гъата-гъатахараб,1
гъата-гъатахинаби,1
гъванк-манкан,1
гъванки-дваргъиялда,1
гъвар-гъвадизаби,1
гъваризабизе,1
гъваркь-гъваркьиялда,1
гъенезаби,1
гъенезабизе,1
гъийинго,1
гъобсагӏаталъ,1
гъоркьеккел,1
гъосул,1
гъотӏол,1
гъулгъудизаби,1
гъулдул,1
гъунцӏби,1
гъури,1
гъуркъизабизе,1
гъурщал,1
гьабуди,1
гьагьал,1
гьадинги-додинги,1
гьакълил,1
гьакӏкӏадизаби,1
гьарай-гьурай,1
гьардезаби,1
гьарт-гьартизаби,1
гьацлъи,1
гьацӏул,1
гьачдезари,1
гьебщиб,1
гьедигӏанабго,1
гьединги-гьадинги,1
гьекко,1
гьекъолдизаби,1
гьекӏдизаби,1
гьелгӏезаби,1
гьели,1
гьелкезаби,1
гьенкьезаби,1
гьерсил,1
гьесадизаби,1
гьетӏ-гьетӏизаби,1
гьетӏари,1
гьетӏаризаби,1
гьетӏаризабизе,1
гьикъизабизе,1
гьин-,1
гьобогьинабизе,1
гьогьлъи,1
гьоппа,1
гьоро-годозабизе,1
гьорой,1
гьорол,1
гьохчизабизе,1
гьохьизабизе,1
гьугъуб,1
гьугъудин,1
гьудудин,1
гьуинлъи,1
гьукъизабизе,1
гьулъуб,1
гьулъудин,1
гьункьа-кӏучиялда,1
гьурщ-гьурщизаби,1
гьус,1
гӏагӏади,1
гӏагӏадизаби,1
гӏагӏдезе,1
гӏада-,1
гӏадамасул,1
гӏадатлъи,1
гӏазаби,1
гӏазаналлагь,1
гӏаламат-тамаша,1
гӏалхал,1
гӏалхуллъи,1
гӏанкизабизе,1
гӏанкӏихъего,1
гӏанкӏмахӏав,1
гӏанкӏудул,1
гӏанчӏлъизабизе,1
гӏарабияб,1
гӏарзагъинаби,1
гӏарзахъди,1
гӏарзахъдизаби,1
гӏаркьа-кӏичӏизабизе,1
гӏархъал,1
гӏарцукълъи,1
гӏарчалил,1
гӏатӏал,1
гӏатӏи-шатӏидаб,1
гӏашикъго,1
гӏашикълъизабизе,1
гӏебсаквер,1
гӏегӏеди,1
гӏедегӏахъдизаби,1
гӏемериселъ,1
гӏенекки,1
гӏенеккизабизе,1
гӏергӏеди,1
гӏергӏедизаби,1
гӏеркъил,1
гӏермахӏав,1
гӏинтӏами,1
гӏинтӏамизабизе,1
гӏисинчӏинхил,1
гӏицӏ-толохӏоч,1
гӏондокьмахӏав,1
гӏужрукъихъего,1
гӏулби,1
гӏунци,1
гӏупадизаби,1
гӏури,1
гӏуркъи,1
гӏуркъизабизе,1
гӏурччинлъи,1
гӏуцӏизабизе,1
дагӏагьинабизе,1
далай-далалай,1
далдализаби,1
дандхари,1
дандхаризаби,1
дандхъвазабизе,1
дарагун,1
дарайдул,1
дачухь,1
двагӏанкан,1
дванкезаби,1
дванки-двариялда,1
двар-двариялда,1
дваргъезаби,1
дваргъи-гӏанхъиялда,1
демобилизациялъул,1
дергъезари,1
додиниса,1
дохӏодин,1
дохӏодинго,1
дрикӏ-дрикӏ,1
дургъизабизе,1
жагъаллъизабизе,1
жакъалъагӏанги,1
жанитӏамизабизе,1
жвар-жвариялда,1
жвархъиялда,1
жегидахъги,1
жем-жемизаби,1
жемардизаби,1
женмахӏав,1
жинимахӏав,1
жиржидизаби,1
жири,1
жойиса,1
жонсокълъизабизе,1
жубазаби,1
жужазабизе,1
зазахинабизе,1
замагалъизабизе,1
захӏанкӏан,1
захӏанкӏун,1
звангъ-звангъиялда,1
звангъезаби,1
звангъи,1
звангъиялда,1
звар-звариялда,1
зваргъ-зваргъиялда,1
зваргъезаби,1
зваргъи,1
зварх-звархиялда,1
звархезаби,1
звархиялда,1
зенезаби,1
зигардизаби,1
зилхараялъул,1
зоб-ракьалхӏа,1
зобалазул,1
зодил,1
зорбаго,1
зурзудизаби,1
зуризабизе,1
инагьдизабизе,1
исанаялъе,1
ихизабизе,1
ицико-ицико,1
ичӏ-ичӏккун,1
ичӏазарабилеб,1
ичӏнусазарабилеб,1
ичӏнусазаралда,1
ичӏнусазарго,1
ичӏцӏулниги,1
ишу,1
ия,1
какилгӏужалъ,1
каламукъав,1
кандакмахӏав,1
канишна,1
канчӏсурмаго,1
канчӏтӏогьилъизабизе,1
катихъего,1
квала-гъализабизе,1
квали,1
кванай,1
кваникълъи,1
кваранисахун,1
кватӏараб,1
кватӏаризаби,1
кватӏизаби,1
квачӏи-квачӏид,1
квегӏенлъи,1
кверзул,1
квешдание,1
квинабизе,1
кенчӏезаби,1
кеплъун,1
кидалъагӏанха,1
килищгӏананасеб,1
кина-щибабго,1
киртал,1
кисаго,1
кисахун,1
кисахунго,1
кисахунниги,1
кквезабизе,1
композициялъул,1
копсавул,1
коцокъго,1
куйдул,1
кукдул,1
кунчӏ-кунчӏизаби,1
кунчӏараб,1
кутул,1
къабихӏаб-къадараб,1
къабихӏлъи,1
къадакомахӏав,1
къадараб-къабихӏаб,1
къадарлъи,1
къакъа-шашай,1
къакъадизаби,1
къал-къалъизаби,1
къализабизе,1
къалмал,1
къамишул,1
къанагӏалъизабизе,1
къанцӏцӏузабизе,1
къанщ-къанщизари,1
къанщезари,1
къанщизабизе,1
къапезари,1
къапизабизе,1
къарумлъизабизе,1
къасилъизегӏан,1
къачӏа-кӏатӏазабизе,1
къачӏадизаби,1
къачӏазабизе,1
къаша-рашазабизе,1
къвакъвадизаби,1
къваригӏараб-кватӏаб,1
къварилъахъдизаби,1
къватӏушмахӏав,1
къвахьиялда,1
къверкъмахӏав,1
къерщезаби,1
къикъиди,1
къикъидизаби,1
къиматлъизабизе,1
къинкӏари,1
къиризабизе,1
къиркъидизаби,1
къиркъириялда,1
къирщ-къирщиялда,1
къоабизе,1
къоаза-азар,1
къоазарабилеб,1
къого-лъеберго,1
къосин,1
къотӏ-къотӏизаби,1
къотӏ-къотӏизабизе,1
къотӏаризаби,1
къохӏойил,1
къочари,1
къочаризаби,1
къукӏ,1
къукӏараб,1
къукӏи,1
къукӏизаби,1
къунцӏари,1
къунцӏизабизе,1
къунщби,1
къурр,1
кьа-кьадизаби,1
кьаб-кьабизаби,1
кьабезаби,1
кьабей,1
кьар-кьвариялда,1
кьара-гъаралъизабизе,1
кьвагь-кьвагьизаби,1
кьвагьдезаби,1
кьвагьизаби,1
кьвагӏхизабизе,1
кьвара-гъари,1
кьвари,1
кьваризабизе,1
кьватӏ-кьватӏизаби,1
кьерукълъизабизе,1
кьерухъе,1
кьерхинабизе,1
кьижаризаби,1
кьинкӏизе,1
кьолозабизе,1
кьороб,1
кьуркьудизаби,1
кьухъаб,1
кьухълъи,1
кьухълъизаби,1
кӏалабоголъ,1
кӏалбиччансордоялъ,1
кӏалкъазабизе,1
кӏалъа-бацазабизе,1
кӏалъа-ралъазаби,1
кӏалъа-ралъай,1
кӏанцӏезаби,1
кӏармал,1
кӏатӏизабизе,1
кӏач-кӏачи,1
кӏвакӏвазаби,1
кӏвахӏадго,1
кӏвезабизе,1
кӏвей,1
кӏвекӏизабизе,1
кӏверизабизе,1
кӏетӏезаби,1
кӏибикӏи,1
кӏигояб,1
кӏикъоазарабго,1
кӏикъоазарабилеб,1
кӏилъи,1
кӏинусазарабилеб,1
кӏичӏ-кӏичӏизаби,1
кӏкӏал-хъитӏалда,1
кӏкӏаламохъалда,1
кӏкӏвенкӏкӏведизе,1
кӏкӏвин,1
кӏкӏвинабизе,1
кӏкӏуйкӏачинаби,1
кӏкӏуйтӏачинабизе,1
кӏкӏуржинабизе,1
кӏодо-хӏодого,1
кӏочизабизе,1
кӏудаб,1
кӏургӏ-кӏургӏизаби,1
кӏуризабизе,1
кӏусизабизе,1
кӏутӏ-кӏутӏи,1
кӏутӏ-кӏутӏизе,1
кӏутӏизабизе,1
кӏущизабизе,1
кӏущудизаби,1
лагъмахӏав,1
лагь-лагьизабизе,1
лагьи,1
лагьизабизе,1
лагӏдезаби,1
лайлатулкъадир,1
ластикул,1
лахӏчӏегӏерлъизабизе,1
лезеса,1
леледизаби,1
лугу-лугу,1
лъабазарабилеб,1
лъабихъе-ункъихъе,1
лъабкъоазарабилеб,1
лъабкъоазаралда,1
лъабкъоазарго,1
лъабмоцӏ,1
лъабнусазарабилеб,1
лъабнусазаралда,1
лъабнусазарго,1
лъабчӏван-ункъчӏван,1
лъалкӏачинаби,1
лъамачараб,1
лъамачи,1
лъамачизаби,1
лъамизабизе,1
лъахъвазабизе,1
лъебе-лъебер,1
лъеберабизе,1
лъеберазарабилеб,1
лъеберазаралда,1
лъеберазарго,1
лъеде-гъедерлъизабизе,1
лъедезабизе,1
лъелъераб,1
лъикӏиса,1
лъикӏниги-квешниги,1
лъияб,1
лълъурдул,1
лъохӏодинго,1
лъулъади,1
лъулъадизаби,1
лъулъай,1
лъутанхъизаби,1
лъутӏи,1
лъухьи,1
магь-магь,1
мада-кӏачараб,1
мажгитукь,1
макираб,1
макьитӏаго,1
макьихин,1
малаязул,1
малълъизабизе,1
малърал,1
маркӏачӏугӏуж,1
маркӏачӏугӏужалда,1
маркӏачӏугӏужалъ,1
маркӏачӏумехалда,1
масхарадего,1
масхарахӏалаб,1
махӏцин,1
мекъдае,1
мерхьинабизе,1
мигьго,1
мигӏу,1
миккил,1
микьабго,1
микьазарабилеб,1
микьазаралда,1
микьазарго,1
микьнусабизе,1
микьнусазарабилеб,1
микьнусазаралда,1
микьнусазарго,1
микьнусиялда,1
мимила,1
минтал,1
мискинлъи,1
мич,1
могьорго,1
москваялъулаб,1
мукагӏатаб,1
мукъсанлъи,1
мукӏурлъизабизе,1
мумудизаби,1
мунапикълъи,1
мустахӏикълъи,1
мустахӏикълъизабизе,1
наз-наздизабизе,1
назуклъизабизе,1
найирукъалъул,1
нахъахутӏизабизе,1
нахъгӏунтӏизабизе,1
нахъегӏанлъи,1
нахъеккезабизе,1
нахъекъазабизе,1
нахъелъугьинабизе,1
нахъецӏазабизе,1
нахъосалалъ,1
нахъчӏвазабизе,1
немцазул,1
нолъкъаси,1
нунудизаби,1
нурагъинабизе,1
нусазарабилеб,1
нусилбутӏрул,1
ортопедлъи,1
палгъай,1
панаго,1
паналъизабизе,1
паризабизе,1
паркъезабизе,1
паркъизабизе,1
парпадизаби,1
партӏизабизе,1
пархинабизе,1
пахрулъизабизе,1
перхей,1
пещтӏезабизе,1
пинкьахинабизе,1
полковникасул,1
полпихин,1
полпихинабизе,1
президентасул,1
пугь,1
пударизаби,1
пуланлъизабизе,1
пулхинабизе,1
пунцӏузабизе,1
пурсукъмахӏав,1
пурцал,1
пурщаби,1
пурщизабизе,1
пяхӏ,1
рагь-рагьизари,1
рагьадго,1
рагьай,1
рагӏизаби,1
радакьлъагӏан,1
радакьмехалъ,1
радалмехалъ,1
рази-ракилъизари,1
ракалъул,1
ракълил,1
ракъул,1
ракьукълъизабизе,1
ракьул,1
ракӏбахъизабизе,1
ракӏбеки,1
ракӏбуссинабизе,1
ракӏбухӏизабизе,1
ракӏгурхӏизабизе,1
ракӏгьахьтӏизабизе,1
ракӏжубазабизе,1
ракӏкъай,1
ракӏкьвагьизабизе,1
ракӏкьватӏизабизе,1
ракӏпартӏизабизе,1
ракӏрекъезабизе,1
ракӏхвезаби,1
ракӏхвей,1
ракӏхъублъизабизе,1
ракӏхӏалуцинабизе,1
ракӏчучи,1
ракӏчӏвазабизе,1
ракӏчӏегӏерлъизабизе,1
ракӏщвезабизе,1
ратӏликълъизабизе,1
рахазабизе,1
рачалаби,1
регӏи,1
регӏизабизе,1
резил,1
рекъезаби,1
рекълъизабизе,1
рекӏ-рекӏинаби,1
ресукълъизабизе,1
ретӏа-къай,1
ретӏинабизе,1
рехсезабизе,1
рехунтезабизе,1
рецаризари,1
речинабизе,1
речӏчӏанхъизаби,1
речӏчӏаризаризе,1
ризлъи,1
рикӏкӏадуе,1
рикӏкӏинабизе,1
ритӏухълъизабизе,1
ричӏизабизе,1
рогьинабизе,1
рогьрагъинаби,1
рокьол,1
рокьукълъизабизе,1
ролъул,1
роринабизе,1
рохьдочинабизе,1
рохьил,1
роцӏадго,1
рукӏкӏин,1
руруди,1
рурудизаби,1
рутӏби,1
рухьби,1
рухӏдаллъи,1
сам-самизаби,1
сами,1
самизабизе,1
санкӏал,1
сантӏаризаби,1
сантӏизабизе,1
сапнал,1
сардида,1
сардил,1
сасинабизе,1
саяхълъизабизе,1
свадизабизе,1
свакадго,1
свера-хъери,1
сверданхъизаби,1
свердизаби,1
седезабизе,1
сезе-лезе,1
сейиса,1
семизабизе,1
сенхезаби,1
системияб,1
сихӏирлъизабизе,1
сихӏкъотӏи,1
согӏахинабизе,1
сой,1
сокӏкӏинабизе,1
сон-церекъад,1
судалъул,1
сузабизе,1
сукӏ-сукӏизаби,1
сукӏалаби,1
сунхизабизе,1
сур-суриялда,1
суркӏби,1
сурмалъизабизе,1
такрарлъизабизе,1
талихӏгьечӏолъи,1
талихӏкъин,1
тамахлъизаби,1
тамаша-гӏаламалъи,1
тамаша-гӏаламат,1
тантикъго,1
тартадизаби,1
тасамахӏлъизабизе,1
твапиялда,1
тварх-твархиялда,1
тегьизабизе,1
тенкезаби,1
теркӏезаби,1
терхезаби,1
тиризаби,1
тирхьизабизе,1
тохаб-гӏинчӏаб,1
тпру,1
туй,1
тункӏил,1
тунчул,1
турхизабизе,1
тушманлъизабизе,1
тӏабигӏаталъул,1
тӏабутӏин,1
тӏадагьлъи,1
тӏадгокквей,1
тӏадголъи,1
тӏадебоси,1
тӏадекӏанцӏизабизе,1
тӏаделъизабизе,1
тӏаделъугьинабизе,1
тӏадрекъей,1
тӏадчӏей,1
тӏанкӏахинабизе,1
тӏасабахъизабизе,1
тӏасабихьи,1
тӏасаинабизе,1
тӏасанкӏалъазавизе,1
тӏасарехизабизе,1
тӏасахъа,1
тӏатараб,1
тӏатун,1
тӏвап-тӏвапиялда,1
тӏварран,1
тӏегьазабизе,1
тӏекъса,1
тӏелхал,1
тӏенкӏезаби,1
тӏерхъезаби,1
тӏибитӏараб,1
тӏилмахӏав,1
тӏинкъизабизе,1
тӏирагъинаби,1
тӏиризабизе,1
тӏогьол,1
тӏокъин,1
тӏорччол,1
тӏосой,1
тӏотӏол,1
тӏупи,1
тӏурахъдизаби,1
тӏуркӏи,1
тӏуртӏудизаби,1
тӏутӏузаби,1
угьари,1
угьаризаби,1
угьдизаби,1
угьи-зигараялда,1
угьиялда,1
ункъазарабилеб,1
ункънусазарго,1
ункъоазарабилеб,1
ункъоазарго,1
урхъи,1
ухӏи,1
ухӏудизаби,1
учузлъи,1
футболистлъи,1
хадугӏунтӏизабизе,1
хадусала,1
хадухъахъдизабизе,1
хай,1
халкквезабизе,1
хамиз-хамизалъ,1
ханзайине,1
хапдезаби,1
хапезаби,1
харангидул,1
харбузалъул,1
харизабизе,1
хариялъул,1
хартӏан,1
хартӏизабизе,1
хархадизаби,1
хасалил,1
хасалихълъиялдехун,1
хасалолъагӏан,1
хаслъизабизе,1
хахдезаби,1
хахи,1
хачади,1
хачадизаби,1
хачазабизе,1
хвалил,1
хвалчадул,1
хвараб,1
хвартӏан,1
хвасарлъи,1
хвенхил,1
хелдезаби,1
херхинабизе,1
хилиплъи,1
хилиплъизабизе,1
хираб,1
хирадаб,1
хиралъизабизе,1
хиса-басизабизе,1
хисарди,1
хисардизаби,1
хисуларедухъ,1
хич-хичизаби,1
хичизабизе,1
холарел-унарел,1
хуй,1
хулизабизе,1
хунтӏ-хунтӏизаби,1
хунхизабизе,1
ххундул,1
хъабчил,1
хъазил,1
хъамизабизе,1
хъарс-хъарсизаби,1
хъарсизабизе,1
хъархъил,1
хъарчигъаялъухъего,1
хъасдезаби,1
хъасизабизе,1
хъатӏизабизе,1
хъахӏчӏазабизе,1
хъащтӏизабизе,1
хъвагӏадизаби,1
хъвагӏазабизе,1
хъвадаризаби,1
хъвал-хъвализабизе,1
хъванкӏдизабизе,1
хъвапхъвапиялда,1
хъвархъвариялда,1
хъварщиялда,1
хъвахъвадизаби,1
хъваша-рашазабизе,1
хъвезабизе,1
хъвей,1
хъвехъи,1
хъвехъизаби,1
хъегӏдизаби,1
хъекь,1
хъерщезаби,1
хъетӏезаби,1
хъещтӏезаби,1
хъилдизабизе,1
хъинтӏизабизе,1
хъириммажар,1
хъирщадизаби,1
хъирщизабизе,1
хъитӏ-хъитӏи,1
хъитӏ-хъитӏизаби,1
хъихъидизаби,1
хъичизабизе,1
хъорщол,1
хъубухъинабизе,1
хъубчул,1
хъугъузабизе,1
хъудизабизе,1
хъуки,1
хъункӏиялда,1
хъур-хъуризаби,1
хъурща-кӏутӏизабизе,1
хъухъадизаби,1
хъухъазабизе,1
хъухъанчадал,1
хъухъизабизе,1
хъухьизабизе,1
хъущтӏизабизе,1
хьазабизе,1
хьандезаби,1
хьацӏазабизе,1
хьвагӏизабизе,1
хьвада-чӏвадизабизе,1
хьваризабизе,1
хьвартӏезаби,1
хьвархьвадизаби,1
хьвархьвазе,1
хьетӏизаби,1
хьими,1
хьирхьидизаби,1
хьихьизабизе,1
хьондаллъизабизе,1
хьулхьудизаби,1
хьухьари,1
хьухьаризаби,1
хьухьинабизе,1
хӏажалъи,1
хӏажалъизабизе,1
хӏакиммахӏав,1
хӏакъираб-къабихӏаб,1
хӏакъирлъизабизе,1
хӏала-балалъ,1
хӏалакахъдизаби,1
хӏалалаб-хӏарамаб,1
хӏалаллъизабизе,1
хӏалбихьизабизе,1
хӏалимлъи,1
хӏалихьалъи,1
хӏаллъи,1
хӏалуцадго,1
хӏалхьей,1
хӏамул,1
хӏанчӏезаби,1
хӏапдезаби,1
хӏапизабизе,1
хӏарам-балагьалъ,1
хӏасилукалам,1
хӏасралъи,1
хӏатӏил,1
хӏацӏадизаби,1
хӏачазаби,1
хӏекка-шеккинабизе,1
хӏеладго,1
хӏели,1
хӏелизабизе,1
хӏелхӏедизаби,1
хӏенсезаби,1
хӏенчезаби,1
хӏеренлъизабизе,1
хӏехьезабизе,1
хӏинцлъизаби,1
хӏобол,1
хӏорлъи,1
хӏул-хӏулизаби,1
хӏундул,1
хӏунсизабизе,1
хӏунчизабизе,1
хӏухьлал,1
цада-мадахъ,1
царал,1
царахъего,1
циганазул,1
цидукмахӏав,1
цидухъего,1
цин-цин,1
циналъго,1
цингиги,1
цихӏиналъ,1
цихӏинго,1
цихӏинцӏул,1
цокӏаллъизабизе,1
цолол,1
цосинаб,1
цохӏонигияб,1
цулъизабизе,1
цури,1
цуризабизе,1
цӏадари,1
цӏадаризаби,1
цӏалдезаби,1
цӏалкӏизабизе,1
цӏахъа-рахъай,1
цӏацӏазаби,1
цӏвак-цӏвакизаби,1
цӏвака-гӏатӏизабизе,1
цӏвакизаби,1
цӏерхӏей,1
цӏеха-рехезабизе,1
цӏехезабизе,1
цӏик-цӏикизаби,1
цӏикизабизе,1
цӏинкрахине,1
цӏицӏидизаби,1
цӏогьодизабизе,1
цӏодорлъизабизе,1
цӏузабизе,1
цӏуй,1
цӏулгӏазабизе,1
цӏунизабизе,1
цӏункӏизабизе,1
цӏунцӏрахинаби,1
цӏурачадал,1
цӏуцӏдул,1
цӏцӏанавехьлъи,1
чадал,1
чакарул,1
чамгӏаллъизабизе,1
чангъал,1
чанкӏкӏадго,1
чанкӏкӏизабизе,1
чарал,1
чарлъизабизе,1
чармил,1
чвалхезаби,1
чвалхи,1
чвалхиялда,1
чвалчвализабизе,1
чвархъезаби,1
чвархъи-хъапщиялда,1
чвахдезаби,1
ченхъезаби,1
чергесго,1
чехъезабизе,1
чехьбухӏизабизе,1
чирчидизаби,1
чиякълъи,1
чобочинабизе,1
чоргинабизе,1
чорхокълъизабизе,1
чотӏрол,1
чохьол,1
чумартго,1
чункъи,1
чунсго,1
чунчудизаби,1
чуризабизе,1
чухъби,1
чухӏизабизе,1
чухӏчухӏизаби,1
чуча-хъухъазабизе,1
чуча-хъухъи,1
ччит,1
ччударизаби,1
ччуйзабизе,1
ччулччудизаби,1
чӏакӏултӏадул,1
чӏалгӏаризаби,1
чӏалх-чӏалхинаби,1
чӏалхинабизе,1
чӏам-чӏамизаби,1
чӏандезаби,1
чӏанкӏалакӏго,1
чӏарадизаби,1
чӏаразабизе,1
чӏартал,1
чӏахӏа-махӏаго,1
чӏвабахараб,1
чӏваднал,1
чӏвазаби,1
чӏвантӏизабизе,1
чӏвар-чӏвадизаби,1
чӏваркь-чӏваркьиялда,1
чӏвархи,1
чӏегӏерлъи,1
чӏехьезабизе,1
чӏинхал,1
чӏинчӏал,1
чӏир-чӏидизаби,1
чӏиргъиялда,1
чӏорахинабизе,1
чӏун-чӏудизаби,1
чӏунти,1
чӏурканлъизабизе,1
чӏурхӏизабизе,1
чӏухӏа-къулараб,1
чӏухӏдаризаби,1
чӏучӏаризаби,1
чӏучӏхӏинабизе,1
чӏчӏвадил,1
чӏчӏичӏчӏи-къикъиялда,1
чӏчӏичӏчӏи-хъуялда,1
чӏчӏичӏчӏидизаби,1
шаввалалда,1
шагьрурамазаналъ,1
шагӏбаналъ,1
шайтӏаналъухъего,1
шуршудизаби,1
щагъадизаби,1
щайгурого,1
щакдаризаби,1
щаклъизабизе,1
щакъидул,1
щакъидулаб,1
щалгоцин,1
щвазабизе,1
щванкӏиялда,1
щвар-щварун,1
щве-щвезаби,1
щеней,1
щийгоцин,1
щуаза-азар,1
щуазарабилеб,1
щуазаралда,1
щунус-нус,1
щунусабизе,1
щунусаза-азар,1
щунусазарабилеб,1
щунусазаралда,1
щунусазарго,1
щуща-хъухъазабизе,1
эбел-инсул,1
эбелай,1
эхети,1
эщтӏезаби,1
ягъзинлъи,1
язихълъизабизе,1
ярагьинабизе,1
ярагьунеб,1
ясмахӏав,1
яц-вац,1
